0,1,2,3,4,5,6,7,8,9,10
-0.00018511822,-1.891008e-05,-0.00012804671,-3.9125985e-05,5.504193e-05,-2.993409e-05,0.00010952617,-3.2590968e-05,1.8089831e-06,-2.088167e-06,5.1435465e-05
-9.561876e-05,-7.924402e-06,-6.605995e-05,-1.998012e-05,2.7887609e-05,-1.4657297e-05,5.6992805e-05,-1.7348759e-05,-1.2379387e-06,2.144626e-06,2.807911e-05
-2.529168e-05,6.0915686e-06,-1.619422e-05,2.813335e-07,-1.1485083e-06,-5.6447666e-06,1.1112846e-05,-4.323465e-06,-7.3131655e-06,1.1503973e-05,1.529844e-05
-2.6200996e-05,6.983478e-06,-1.393333e-05,7.7521344e-07,-6.165796e-07,-6.809286e-06,1.5542693e-05,-1.167975e-05,-6.2642703e-06,1.1635049e-05,6.194694e-06
-4.13555e-05,1.6910244e-05,-4.6640844e-06,-9.807527e-06,-2.8262627e-06,-1.5361176e-05,3.583353e-05,1.0890146e-05,8.114841e-06,2.4136903e-05,9.002155e-06
-6.642021e-05,2.9510406e-05,6.2696495e-06,-5.189993e-05,-9.092931e-06,-2.484803e-05,7.546384e-05,4.5265795e-05,3.1469728e-05,3.7979607e-05,2.5994637e-05
-6.3237014e-05,9.00028e-06,-7.3934925e-06,-4.387417e-05,2.766817e-06,-1.5457454e-05,4.1959996e-05,1.590516e-05,3.4133278e-05,3.8611197e-05,1.9325918e-05
-7.600628e-05,1.0079538e-06,-1.1280831e-05,-2.5981828e-05,2.223125e-06,2.6880139e-06,6.832737e-06,-4.420558e-06,7.659453e-06,7.9208294e-05,2.3774988e-05
-6.591816e-05,5.643838e-06,-1.4659459e-05,-1.5376376e-05,7.394294e-06,-1.0545733e-05,2.429284e-05,1.2152456e-06,2.289652e-05,6.048958e-05,2.6842388e-05
-7.827002e-05,1.2450898e-05,-3.6248034e-07,-9.006038e-06,2.9175922e-06,-2.5020086e-05,2.8645927e-05,8.1570414e-07,2.1561487e-05,2.1142921e-05,4.994023e-06
-0.00010617719,-1.15244875e-05,-9.041022e-06,-2.529648e-05,-1.8317616e-05,-5.9964727e-06,1.121204e-05,2.5247946e-05,7.029229e-07,3.6930734e-05,-7.232875e-05
-0.00012766752,8.081727e-06,-4.4216307e-05,-9.933427e-06,-4.1591484e-06,-4.7486843e-05,3.2348322e-05,1.8218057e-05,1.25650695e-05,4.1706207e-05,-6.6259418e-06
-0.00015241557,2.3661463e-05,-1.4871839e-05,-1.3067164e-05,4.708776e-05,-6.650196e-05,0.00011276511,-5.8210926e-06,-4.6901214e-06,-7.8511985e-06,8.556677e-05
-0.00021300108,1.2182305e-05,7.0811784e-06,-4.480183e-06,8.81017e-05,-0.000120389755,0.00020959508,-4.2382173e-05,5.168747e-07,-3.8539947e-05,0.00014621422
-0.0002747959,-1.6943484e-05,-1.7962297e-05,2.5775393e-05,0.00017976097,-0.00016079588,0.0003305044,-0.00014262932,-8.055227e-06,-0.00011966081,0.00012919238
-0.00036141757,-6.523623e-05,-7.960254e-05,8.813942e-05,0.0003630998,-0.00026297366,0.0006089606,-0.00033059763,-1.5365526e-05,-0.00021156718,-4.554075e-06
-0.00058241736,-0.00022580397,-0.0002393411,0.000278789,0.0009087049,-0.00047336717,0.0016468308,-0.0009229033,-0.00017662544,-0.0007191625,-0.000449816
-0.00153487,-0.0013056493,-0.0013375253,0.0014512622,0.0045534936,-0.0016387736,0.0075658737,-0.005452521,-0.0017746886,-0.004281559,-0.004662847
-0.014421363,-0.016806785,-0.01814753,0.019229136,0.057103984,-0.016764103,0.092907816,-0.068487205,-0.023788078,-0.057223022,-0.061827086
-0.020943644,-0.024595793,-0.02730373,0.02840287,0.08424039,-0.024341369,0.13598451,-0.099631034,-0.034322392,-0.08535974,-0.090331875
-0.008703756,-0.0064277966,-0.016222049,0.0029890393,0.02691921,-0.0099631995,0.045112737,-0.029313948,-0.016195286,-0.052469473,-0.040062018
-0.0032943352,0.0049000075,-0.015558244,-0.015546726,-0.0056511294,-0.00479813,-0.0050496417,0.010943425,-0.009475244,-0.05141036,-0.021747801
-0.004175477,0.0056269155,-0.014226171,7.4340464e-06,-0.0030294978,-0.019158622,-0.007993136,0.005556965,0.01132285,-0.022714442,-0.02084837
-0.019720392,0.024820933,-0.060884908,0.09654971,0.009311764,-0.17093892,-0.044924967,-0.0122959325,0.17764176,0.05632443,-0.09558191
-0.15034437,0.12095824,0.03616775,0.11539498,-0.023186423,-0.31430325,-0.031547267,0.019351816,0.18254729,0.11216533,-0.029415576
-0.28420466,0.20494527,0.23237199,0.0074153147,-0.072131254,-0.24313681,0.040527623,0.06469946,-0.041925974,0.09812607,0.1983201
-0.15300362,0.10733918,0.13819422,-0.017179664,-0.04024669,-0.09214356,0.029937077,0.032393854,-0.059225485,0.046861574,0.13434178
-0.010496601,0.010164374,-0.016641801,-0.012533913,0.013472816,-0.0026499776,-0.008804795,-0.019464161,-0.04936953,0.13195212,0.029894458
-0.011209322,0.016530132,-0.05574898,-0.03446204,0.040677577,0.0121860085,-0.02577923,-0.052959356,-0.1276848,0.35353562,0.068208165
-0.008208447,0.008749247,-0.038833924,-0.022356097,0.024353389,0.00906263,-0.014071721,-0.03622461,-0.085758425,0.23830207,0.04661702
-0.006620876,-0.010406461,-0.0096295,0.0012055506,-0.012498787,0.003947017,0.00417865,-0.0019396389,-0.011098088,0.022597065,0.0060493327
-0.030413236,-0.069977194,-0.032886244,0.012748713,-0.08014326,0.022254141,0.0012692836,0.016126225,-0.021551756,0.022661457,-0.013587646
-0.03939405,-0.07612479,-0.053944092,0.018048415,-0.09189347,0.021120604,-0.004595113,0.026089704,-0.032061476,0.020085655,-0.0039578564
-0.031787217,0.016658468,-0.10214322,0.018559009,0.0004232424,-0.02203309,-0.033391684,0.04629503,-0.05681235,-0.010578536,0.023421668
-0.025784181,0.03642446,-0.097783074,0.014812457,0.026823903,-0.026229223,-0.033799328,0.04151056,-0.0589504,-0.014259526,0.031194903
-0.011835203,0.0012513747,-0.023542501,0.0014795108,0.012443835,0.00044166675,-0.010606571,0.0054999073,-0.010775163,-0.0055770716,0.01846255
-0.041036505,-0.05150988,-0.009911183,-0.009364869,0.06026456,0.022252247,-0.027893307,-0.020564541,0.04251772,-0.03265645,0.06688828
-0.20239826,-0.2734561,-0.027503004,-0.05259403,0.29914632,0.112708464,-0.17357369,-0.0775273,0.23560832,-0.16372502,0.2215181
-0.21242349,-0.28446603,-0.0290273,-0.05583879,0.30730835,0.124031745,-0.17861438,-0.043473244,0.25785294,-0.14741823,0.19364217
-0.067966715,-0.0556736,-0.0346163,-0.0041954177,0.15069449,0.11154675,0.20443165,0.2964313,0.15820013,0.08016316,0.026186686
-0.03586854,0.004012766,-0.04580691,0.004691738,0.13212354,0.1241908,0.3647748,0.44069713,0.15141715,0.14125185,-0.008678241
-0.018596845,0.01760977,-0.07204263,-0.20440358,-0.0040663946,-0.01583564,0.16233988,0.13676266,0.13232088,-0.07443499,-0.017360123
-0.016594814,0.040678732,-0.14479955,-0.5281999,-0.1256452,-0.1495109,0.09452174,-0.030767288,0.206604,-0.3075939,-0.04443614
-0.010419796,0.026283491,-0.092058495,-0.33288023,-0.08102526,-0.09517211,0.05576978,-0.022225332,0.12723939,-0.19545764,-0.03109618
-0.001691951,0.0020556548,-0.007379479,-0.020171866,-0.004144676,-0.006278923,0.0036500487,-0.00052444555,0.00957792,-0.013120501,-0.002917376
-0.0013591524,0.0011586347,-0.0036597704,-0.0012700937,-0.00039730043,-0.005583855,9.562805e-05,-0.00087637384,0.007741403,-0.0015019961,-0.003941591
-0.0048931837,0.006280593,-0.018283015,0.024036203,0.0038647784,-0.040425066,-0.010256716,-0.005924472,0.046642583,0.008143668,-0.030112742
-0.018251298,0.025570063,-0.07523452,0.10971806,0.017217746,-0.17639779,-0.046649825,-0.023670888,0.20086047,0.042590473,-0.12576944
-0.02124026,0.027588319,-0.06848318,0.103514336,0.013135102,-0.1598647,-0.040648956,-0.027816627,0.1946675,0.04030495,-0.12046172
-0.10320465,0.09851901,0.05122701,0.020435464,-0.07608146,0.11277199,0.035414807,-0.10167423,0.14713115,0.0363518,-0.06855431
-0.24643365,0.23473643,0.15911894,0.01122761,-0.20794071,0.356769,0.09861344,-0.2629458,0.27912512,0.07316075,-0.10498089
-0.15584353,0.14818865,0.1025517,0.007266011,-0.13794537,0.21914363,0.06398079,-0.17280921,0.17014037,0.048641652,-0.061997473
-0.011658966,0.009906622,0.006610303,0.00038900826,-0.010733394,0.01128279,0.0070631984,-0.013860948,0.0115691405,0.005637652,-0.0059376834
-0.003062639,0.0014765469,-0.0001432771,0.00038117872,-0.0003496534,0.0022293658,0.004166432,-0.00507944,0.0018726722,0.0016680605,-0.0038706362
-0.0032282467,-0.0010832429,-0.00402992,0.0012862551,0.0068742554,-0.00098467,0.0112030255,-0.010170358,-0.004188465,0.0020515053,-0.0076656225
-0.019697987,-0.016768998,-0.033076264,0.016273938,0.0736693,-0.019319601,0.10547126,-0.09202317,-0.050102282,-0.004694164,-0.06576909
-0.06827168,-0.06381207,-0.12076448,0.06436936,0.28086108,-0.0684358,0.38918495,-0.3315066,-0.17773171,-0.03281103,-0.23247616
-0.05727212,-0.05403596,-0.102979615,0.0547157,0.23910849,-0.056390986,0.32632953,-0.2751374,-0.1458838,-0.02565437,-0.19012086
-0.009296026,-0.008074322,-0.016456882,0.007692101,0.03492156,-0.007894796,0.04656477,-0.03883569,-0.019951057,-0.00065664755,-0.024847465
-0.0026192293,-0.0019995426,-0.0038233465,0.0013748304,0.004703068,-0.000475456,0.007899617,-0.00587353,-0.0030376622,-0.00020033961,-0.0025994468
-0.0026517909,-0.0027760444,-0.003543916,0.0011478914,-0.0015932271,0.0013798674,0.005299248,-0.0016089848,-0.0019326609,0.0011482146,0.0033946158
-0.0047672023,-0.007585237,-0.006335765,0.0010470889,-0.008968808,0.00393643,0.005217543,0.001657437,-0.003902169,0.002322385,0.0016997217
-0.042370625,-0.0987838,-0.051285747,-0.002310553,-0.11319479,0.03589161,-0.015885761,0.04158602,-0.03490027,-0.007040466,-0.105886534
-0.11937402,-0.28187197,-0.14583294,-0.009694123,-0.3252751,0.09648459,-0.055809285,0.12218589,-0.098297715,-0.03212229,-0.28709242
-0.085178554,-0.19578864,-0.106795385,-0.006123129,-0.22904128,0.066697754,-0.034849856,0.08439324,-0.07153062,-0.021588186,-0.1747224
-0.010896738,-0.014280311,-0.01889291,0.0017969413,-0.019906085,0.0071630324,-0.00042745643,0.0068064714,-0.01431533,0.0032314265,-0.00015492832
-0.03974617,0.06558502,-0.16944784,0.026530983,0.039544184,-0.06506619,-0.06672373,0.07822401,-0.07959258,-0.03868673,0.0050169225
-0.07580576,0.13535273,-0.33221486,0.052378125,0.08659653,-0.1303037,-0.13237388,0.15884037,-0.15532172,-0.08874234,0.026342688
-0.039873812,0.06979505,-0.17164049,0.026736964,0.044849295,-0.061789345,-0.06605856,0.08119404,-0.08593359,-0.047227696,0.02589693
-0.0031037398,0.00308589,-0.009290346,0.0027687375,0.0017717466,-0.0034192891,-0.0018951112,0.00081834674,-0.0027849148,0.0013084569,0.0013770539
-0.01165465,0.016057871,-0.048751183,0.069720864,0.008358854,-0.11787976,-0.033577036,-0.008795503,0.1277567,0.039371107,-0.068184264
-0.028271241,0.03997006,-0.12178741,0.18189678,0.022841591,-0.30653098,-0.08498833,-0.02553853,0.33770686,0.09509716,-0.18083133
-0.021389313,0.025507132,-0.07789519,0.11799034,0.017026842,-0.19729233,-0.052729078,-0.019890128,0.21808459,0.055805087,-0.117309764
-0.015689833,0.0011017721,0.0005052703,0.0073715746,0.0031814463,-0.017742984,-0.00014353645,-0.0046485336,0.012714788,0.00078836083,0.0018201307
-0.1991692,-0.049486976,0.095141985,-0.035301328,0.04471288,-0.06123258,-0.003949588,0.038306046,-0.061601765,-0.056149263,-0.008433994
-0.50961846,-0.051262014,0.27979434,-0.08618868,0.0400976,-0.18816741,0.0018637966,0.12660101,-0.22601952,-0.09907384,-0.103620164
-0.33933914,0.002334992,0.20067054,-0.051849864,0.0015627508,-0.14207506,0.012741589,0.073575065,-0.16283469,-0.04081077,-0.057067253
-0.032226495,0.0069462974,0.018883888,-0.0020522547,-0.00039525382,-0.0151290195,0.01246099,0.0034654012,-0.0092364745,0.0043537365,0.018973427
-0.01003973,0.0034426888,-0.0029731968,0.0015484272,0.017802259,0.015654268,0.0505924,0.061477773,0.01822771,0.019942375,9.08377e-05
-0.0204865,0.008116351,-0.025560278,0.0101237595,0.0809059,0.07839865,0.23459205,0.2826616,0.089868955,0.098448634,-0.009725538
-0.01985386,0.007269983,-0.026971808,0.0099682165,0.07939999,0.07933774,0.2384476,0.28060788,0.09053614,0.100409865,-0.011679396
-0.0056689316,0.0020136337,-0.008118917,-0.0014432506,0.01647041,0.016966924,0.054031562,0.05896677,0.020065103,0.023953713,-0.0033755654
-0.0025257405,0.002149393,-0.006909501,-0.013423752,0.0009486079,-0.0009088968,0.007834537,0.0036398643,0.0029433125,0.010975948,0.0010692694
-0.0068587507,0.012853761,-0.04375933,-0.12740025,-0.017682392,-0.033277072,0.019044437,-0.025103968,0.02358607,0.026269527,0.0138274785
-0.022273934,0.048000958,-0.16597499,-0.4316874,-0.040967923,-0.10271699,0.041207757,-0.11319373,0.006253759,0.26985243,0.07163323
-0.020959998,0.043652996,-0.15204063,-0.3525536,-0.015907232,-0.0754018,0.02106555,-0.11061582,-0.04854903,0.3612245,0.07286185
-0.0052158576,0.008364198,-0.029630067,-0.05131398,0.005332517,-0.007875245,-0.0012524708,-0.02446124,-0.028523827,0.111338876,0.01655714
-0.0014924263,0.001068014,-0.0041657863,-0.007833912,2.3111632e-05,-0.0018653009,0.00064242206,-0.002996168,-0.0019116816,0.010698629,0.0015030947
-0.0011372559,0.00014016769,-0.0014346616,-0.002528769,-0.00020616731,-0.00081535336,0.0006822154,-0.0011367075,-0.0002734012,0.0031372218,0.00041082595
-0.0010249299,-0.00010519152,-0.0009375638,-0.0007541105,-0.00038420653,-0.0006058664,0.000928794,-0.00083059183,0.00015869156,0.001452429,0.0006345391
-0.0013157974,-0.00068283913,-0.0012309958,0.00034693693,-0.0015243732,-0.00030491443,0.002736989,-0.0008679307,-5.69594e-05,0.0015506606,0.003151666
-0.002299761,-0.002613544,-0.0028043613,0.002135387,-0.004800434,0.0007779871,0.00777645,-0.0021866097,-0.0007332342,0.002971889,0.011153652
-0.0043927026,-0.00603597,-0.005612894,0.004835931,-0.008526196,0.00096297264,0.015530366,-0.0055467137,-0.0022762145,0.0044152453,0.017824879
-0.025273055,-0.034483675,-0.033148665,0.032147743,0.042769738,-0.016901392,0.12293024,-0.080131136,-0.02532335,-0.054895893,-0.037447695
-0.109888814,-0.20752765,-0.14884976,0.14167994,-0.14239384,-0.07312091,0.23372164,-0.14052188,0.008785601,-0.03331125,0.18347138
-0.14906143,-0.30170605,-0.20872116,0.19980872,-0.36186373,-0.103731,0.20160292,-0.10641686,0.04745477,0.056324225,0.41249317
-0.060168456,-0.1160735,-0.08905486,0.08264421,-0.1656727,-0.037903037,0.071262896,-0.027124343,0.021734077,0.03988018,0.20971304
-0.0074577457,-0.0010776483,-0.014175124,0.0047387662,-0.007946474,0.009144379,0.0061415373,-0.0027394819,-0.008852064,0.00128945,0.012583644
-0.010438881,0.010630176,-0.018411588,0.0032257263,-0.0027058208,0.017212782,0.002766474,-0.0051311287,-0.0074798972,0.00023851379,0.0049060574
-0.074232854,0.09100304,-0.06256532,0.018916486,-0.014694877,0.1062656,0.0010623703,-0.027796429,0.028299145,-0.006891658,-0.028463414
-0.25582254,0.33568195,-0.3125187,0.089703254,-0.005060427,0.2726835,-0.06323329,-0.03058623,-0.018825728,-0.073182106,0.0077328705
-0.22069626,0.2984742,-0.339995,0.088927194,0.026960598,0.18406463,-0.084856465,0.015062746,-0.10381989,-0.095700435,0.08220043
-0.03970533,0.05451879,-0.084252425,0.017337928,0.015357491,0.01608935,-0.020759428,0.015921017,-0.052589454,-0.0218513,0.041642074
-0.006334263,0.007760015,-0.011606869,0.0018308791,0.0012750756,0.0037037286,-0.0022694345,0.0004966141,-0.007390402,-0.0021430873,0.0039599137
-0.0032636332,0.0046216357,-0.010386249,-0.0077123567,-0.0027876808,0.00084222754,-0.0037267136,0.0056497087,-0.0074939523,-0.022321705,-0.008002075
-0.004844507,0.010098576,-0.03105067,-0.038839683,-0.015220148,-0.0036915925,-0.01455519,0.026538491,-0.023912972,-0.10040948,-0.044365153
-0.004189332,0.008795761,-0.02855288,-0.03710761,-0.014484767,-0.004156471,-0.013404319,0.024484705,-0.021647215,-0.09279755,-0.04298555
-0.0015219428,0.0018236031,-0.0059072655,-0.0072467984,-0.0028776412,-0.00046329934,-0.0024145227,0.0041512144,-0.0035807565,-0.016908737,-0.008853779
-0.001043426,0.00018851005,-0.0013070932,-0.0011576668,-0.00039106928,0.0005506765,-0.0005216434,-9.499988e-05,0.00017577733,-0.0019629821,-0.0019824726
-0.0014318526,-0.00085799134,-0.00088301924,-0.0006836592,0.0007835239,0.0008432249,-0.0008755988,-0.0007350152,0.00062747224,0.0006025616,-0.0008084171
-0.0033449987,-0.0034100974,-0.0012089221,-0.0014637235,0.0031614036,0.0018551843,-0.0028729383,-0.0017358541,0.0010562595,0.0029581902,-0.00019213637
-0.018845689,-0.024763992,-0.004827913,-0.008022187,0.027021768,0.011583444,-0.016863374,-0.016326884,0.007332323,0.0082659945,0.015224621
-0.11974271,-0.16017795,-0.03472566,-0.06726294,0.15513787,0.08647216,-0.16373816,-0.046869908,0.01117997,0.19563264,-0.051185995
-0.14591123,-0.19267464,-0.047610495,-0.08861057,0.18480296,0.1077467,-0.21589005,-0.04234204,-0.0014478012,0.31499356,-0.12032074
-0.04420783,-0.056251775,-0.017436212,-0.028142013,0.055725593,0.030484494,-0.06337071,-0.01419023,-0.007415969,0.12159241,-0.04854988
-0.005118979,-0.0059138373,-0.0021072726,-0.002271909,0.005556753,0.0025986875,-0.0046234294,-0.002202094,0.001234056,0.0083177425,-3.429867e-05
-0.0018000939,-0.0016818877,-0.0011650438,-0.00017187172,0.0012711624,-0.00012074263,-0.0014140899,-0.00046600035,0.0013574385,0.0028782324,-0.00056733144
-0.0015922191,-8.382983e-05,-0.0032414363,0.0038330092,0.00068212743,-0.0068676714,-0.0022846626,0.000107893204,0.008271281,0.004327092,-0.003984382
-0.004598881,0.0052032266,-0.017818872,0.025721561,0.0033602573,-0.04345958,-0.009399537,0.0039709536,0.05125079,0.019634962,-0.02412509
-0.005722281,0.00640047,-0.021192884,0.02995444,0.006667076,-0.046787094,-0.0023992131,0.012597801,0.060619216,0.023415614,-0.027406178
-0.002411193,0.0015614859,-0.0065675946,0.008037541,0.0037824686,-0.009764534,0.005444738,0.009378901,0.017165704,0.0076910085,-0.0071403277
-0.0008098756,-6.165621e-05,-0.001351172,0.0008236121,0.00016480625,-0.0006989459,0.00086490036,0.0009621093,0.0012971095,0.0009794049,-0.00034342214
-0.00088394183,-0.00034671937,-0.0010374817,0.0002674975,-0.00053243735,-0.000122414,0.00042784092,0.00022750921,-0.00025343415,0.0004901906,-0.00026334656
-0.0013447945,-0.0006912994,-0.0009625155,4.363085e-05,-0.0010830744,0.00013157314,-9.522839e-05,0.00061564456,-0.0006480266,0.0006024935,-0.0019692983
-0.005151743,-0.0012422241,0.0010879082,-0.00081868836,-0.0035765807,-0.00021234492,-0.0008317523,0.0036816718,-0.001677298,0.0026827985,-0.005720172
-0.024278585,-0.021880757,0.00057967,-0.004880894,-0.030348232,0.006964058,-0.012720645,0.020407585,-0.0081779,0.014973161,-0.057103045
-0.062034275,-0.12528802,-0.03684826,-0.013471369,-0.12600972,0.048963375,-0.065447725,0.07635844,-0.022544542,0.054638248,-0.26647952
-0.051833004,-0.12458839,-0.04498308,-0.0093098795,-0.11896134,0.050007086,-0.056745067,0.06899158,-0.019717421,0.050544985,-0.23594211
-0.011222559,-0.024616146,-0.011226917,0.00012681987,-0.02456688,0.010226385,-0.0043223985,0.011462497,-0.0048983595,0.010754079,-0.029062098
-0.0025693588,-0.0039524175,-0.0026592629,0.00062046037,-0.004455419,0.0019206239,0.0014268785,0.0007961283,-0.0015673742,0.0027529309,-0.000605443
-0.0017753346,-0.0016996998,-0.001956638,0.0008063646,0.000963029,0.00018952269,0.0032372547,-0.0026191669,-0.0015330929,-0.000845813,-0.0034168873
-0.0044641565,-0.0043571065,-0.0063322457,0.005068761,0.013577369,-0.003800195,0.020987479,-0.016180752,-0.005194026,-0.0135020595,-0.014313324
-0.0053808633,-0.0028146254,-0.009732762,0.00540308,0.014568159,-0.0054122275,0.020135807,-0.0150662735,-0.007041789,-0.014507041,-0.0139925685
-0.016629485,0.027983842,-0.07139265,0.008766602,0.014156034,-0.037943814,-0.030568874,0.029823463,-0.025908802,-0.015102177,-0.014120022
-0.031545527,0.056615457,-0.13865106,0.016214456,0.02817802,-0.066325866,-0.061614733,0.064344205,-0.06025028,-0.019090759,-0.0045288024
-0.017665438,0.02958662,-0.07351656,0.0084033115,0.016511502,-0.028829953,-0.028462969,0.032573517,-0.04029889,-0.0064373,0.0111952415
-0.0030565688,0.0037048124,-0.009635832,0.0012570062,0.0023342967,0.0006934843,-0.0018236926,0.0023362744,-0.008525438,-0.0015065033,0.0049148016
-0.0013274025,0.0011738088,-0.0030079742,0.00034353384,0.00047771452,0.0009281082,-0.0003745109,-9.521815e-06,-0.0026164874,5.330743e-05,0.0008512768
-0.00084205647,0.00046054687,-0.0013386519,8.924128e-05,-7.7196426e-05,0.00039790192,-0.00010021013,-0.0002837157,-0.0006903732,0.0007270201,-0.00046114746
-0.0010292784,0.0006512133,-0.001949695,-0.00020911211,0.00044175962,0.0007678832,-0.00048584785,-0.00079207774,-0.0020136037,0.0039625675,0.0003451341
-0.0031746824,0.004525548,-0.0143327955,-0.007530082,0.010204141,0.004390545,-0.007486225,-0.011925182,-0.031448353,0.080988474,0.0180354
-0.0051751896,0.008150444,-0.027182428,-0.01142896,0.019103182,0.0024212028,-0.014543208,-0.023023745,-0.05086179,0.15429929,0.028020255
-0.0043330784,0.006034626,-0.020436041,0.004902206,0.01064185,-0.016136596,-0.011204923,-0.013687159,-0.004331805,0.07992961,0.0005098918
-0.002371692,0.0023945258,-0.008324482,0.009766264,0.0022070922,-0.015662571,-0.00475334,-0.0030214046,0.017147832,0.007981166,-0.011209842
-0.0010534443,0.00019789541,-0.0016548753,0.0013265047,0.0004363135,-0.001756259,-0.00078009925,-0.0007179992,0.0023539865,0.0015976378,-0.0024730642
-0.0010740199,-0.0001240467,-0.00045176505,-3.66453e-05,8.206974e-05,-2.848667e-05,-8.1273894e-05,3.3758035e-06,0.00018718455,0.0014185552,-0.00043250583
-0.0010744222,-4.3590506e-05,-0.0003887377,-0.00023763851,5.5497443e-05,0.0004300078,4.3954944e-05,-8.39812e-05,0.00023713347,0.00075332285,-0.0002861887
-0.00091955386,7.185473e-05,-0.00088033144,-0.00065790553,-0.00017952408,0.0005294403,-0.0002907092,0.00013946643,-1.71742e-05,-0.0010270565,-0.0008271993
-0.0014878389,0.0002117248,-0.0005777858,-0.0006650872,-0.0004955455,0.000691111,0.00025030438,-0.0003093078,0.00034547085,-0.0014267978,-0.00075084064
-0.0074080643,0.00014981897,0.0018621066,-0.0007391882,-0.0010535133,0.0072965417,0.000484861,-0.0035174324,0.005322016,0.0005860839,-0.0075761615
-0.026732009,0.0067297313,0.010526974,-0.00036938812,-0.011708186,0.027209273,0.0049984097,-0.01695307,0.016539633,0.0042279772,-0.031670522
-0.024496328,0.009633197,0.010882583,0.0005073287,-0.014940033,0.024411328,0.0066215633,-0.019045874,0.014284584,0.004713722,-0.026956523
-0.0053729885,0.0027635226,0.002166875,0.00026882955,-0.0037623502,0.004491324,0.0023624583,-0.0055010864,0.00367589,0.0013440991,-0.0026471838
-0.0014166,0.00022082904,-0.00026803717,0.00014132757,-0.00042635083,0.00025159618,0.0010637876,-0.0010589311,0.0009149762,0.00025422953,0.00027372033
-0.0010830164,-0.00035569406,-0.0009024571,0.00040098987,-0.00084489834,6.790311e-05,0.0017655068,-0.00058507564,0.00038345015,0.0005024822,0.0016707034
-0.0010616835,-0.00052660535,-0.0010716303,0.00055793056,-0.0013817871,0.00036614048,0.0022888877,-0.00041113974,2.431361e-05,0.0008935126,0.0023357365
-0.0018817846,-0.0021171076,-0.002116324,0.0013113333,-0.003784645,0.0011570166,0.0042816587,-0.00017181638,-0.0004753052,0.002089304,0.005022114
-0.012902738,-0.030305816,-0.013099403,0.006963294,-0.036760688,0.008814655,0.009207385,0.0033597588,-0.0085412515,0.010245214,-0.00054947665
-0.02949014,-0.06925971,-0.030118098,0.016211627,-0.07981226,0.021481358,0.02668579,0.019004643,-0.0155053865,0.02491258,0.012194581
-0.019488605,-0.040589113,-0.020828368,0.0113195665,-0.042441435,0.018035514,0.034004036,0.03083095,-0.0021323212,0.022104189,0.022210982
-0.003164832,-0.0027446996,-0.0038385817,0.0017315579,0.00024238772,0.005259534,0.0145762665,0.015213139,0.004364423,0.0066940463,0.007049125
-0.0012209561,-0.00028257247,-0.0008431097,0.0002395774,-0.0006340003,0.00028539938,0.0015068401,0.00091313885,-5.4032844e-05,0.0012349425,0.0017157601
-0.0009497978,7.4783784e-05,-0.00077111,0.000109909604,-0.00020662368,0.00028949775,0.0007625406,4.648995e-05,-0.00048512546,0.0007105568,0.0010720217
-0.0011164496,0.00038977846,-0.0015020852,0.00013213269,0.00039681265,0.0005656523,0.0003347706,-0.000171633,-0.0012668282,0.00012814841,0.0008918747
-0.0012448791,0.000511484,-0.0019414497,0.00027375377,0.0005402236,0.000343334,0.00017311903,-0.00023333309,-0.0015389174,0.00010648503,0.00091175444
-0.0026404539,0.002805949,-0.007895967,0.0068429164,0.0013222562,-0.010686136,-0.0034366637,-0.0005761562,0.008769232,0.0038864866,-0.0045197015
-0.0061864476,0.009138226,-0.024005044,0.014010514,0.0060510007,-0.02135702,-0.010502745,0.0038395496,0.010935824,0.00025406398,-0.007449418
-0.017707052,0.031134754,-0.07450874,0.012437125,0.024316201,-0.016471485,-0.025599426,0.03027583,-0.042906575,-0.024625057,0.01583517
-0.02093558,0.033040315,-0.08347068,-0.0015637398,0.026819969,-0.02100252,-0.01601046,0.02203378,-0.048005667,-0.031564854,0.023712322
-0.009585702,0.006239443,-0.030522676,-0.016821355,0.014151345,-0.01369931,0.017910782,-0.0153055675,-0.016650025,-0.01682703,-0.0023587497
-0.0037002212,-0.0007789336,-0.008855681,-0.0044540786,0.009302253,-0.0041336683,0.014068682,-0.011989607,-0.007578278,-0.0014091858,-0.0066450313
-0.00088751,0.00017746282,-0.0014994919,-0.0005168967,0.00064839027,-0.00024420864,0.0011093457,-0.0010040217,-0.00093460694,0.00031813976,0.00017776593
-0.0006444534,0.00022145676,-0.0006893693,-0.00027416018,0.00011024203,-0.00015779966,0.00033107123,-0.00022387168,-7.673059e-05,0.00033202994,5.749034e-05
-0.0007340918,9.2408554e-05,-0.0005246713,-4.6233796e-05,0.000115127004,-0.00043264398,0.00024511848,-5.1563136e-05,0.00012988767,0.00043849827,-0.00023575459
-0.0019687074,0.0009924555,0.0006948894,-0.00031809448,-4.6478644e-06,-0.00082285557,0.0008039068,0.0009165171,-0.0002654483,0.0010216342,0.00030719006
-0.008105863,0.005533219,0.0066304784,-0.0010242424,-0.0020829039,-0.0036651215,0.0023706644,0.0027850638,-0.0022512313,0.0029620347,0.0058633196
-0.00876818,0.005860479,0.007036008,-0.00085293595,-0.0030975863,-0.003875464,0.0024127725,0.0013737654,-0.002911857,0.0030637197,0.007025339
-0.0027840096,0.0012662229,0.001313895,-0.00010922142,-0.001162833,-0.0012009843,0.00070291513,-0.00022954286,-0.0009611689,0.00115674,0.0015192083
-0.0011957196,4.4749468e-05,-7.389061e-05,-1.798626e-05,-0.00032951942,-0.00042396595,0.00034116078,0.00013492856,-0.0004365771,0.0006342255,-8.327539e-05
-0.0010730801,-0.00024752563,-0.00021701527,-0.00011599256,-0.00025088477,-3.169172e-05,0.00033561426,6.1233535e-05,-0.00028448104,0.0011902496,-0.000115346214
-0.0011466923,-0.00017951573,-0.00020517225,-5.2916228e-05,-0.00026023947,6.434751e-05,0.00042956215,-0.00024057462,-8.347019e-05,0.000710548,-0.00021759092
-0.001258718,-0.00012173671,-0.00021344387,9.894381e-05,-0.0003767489,-0.00010843702,0.00095576944,-0.00052000326,-0.00026374508,0.00043773768,0.00030737396
-0.0010901863,-0.00031362794,-0.00034201317,5.5791745e-05,-0.00075397245,-0.00025032228,0.0012692075,-0.00045640118,-0.00019316014,0.00069913414,0.0015702342
-0.0010536559,-9.5810195e-05,-0.00022576784,-5.610999e-05,-0.00055920705,-0.00020010551,0.0009812232,-0.00045559107,5.9106937e-05,0.00053449103,0.0009998126
-0.0010641073,-0.000104137354,-0.00025665562,-5.3528278e-05,-0.00018595377,-0.00019318536,0.0008872402,-0.00071282394,0.00019278983,0.00012627835,0.0008657731
-0.00094980164,-0.00035466242,-0.0003922169,-0.00014761857,0.00017758987,-8.133852e-05,0.00060952455,-0.0008043485,0.0001754278,-5.281384e-05,0.0005372146
-0.002822439,-0.0030318848,-0.00069660775,-0.0005877472,0.004027758,0.00074459985,0.00035574604,-0.0045636906,0.0019441502,-0.0032058859,0.0061528594
-0.014563383,-0.019310934,-0.0032087667,-0.0018713343,0.022910886,0.005142353,0.0010140797,-0.01943399,0.008647791,-0.015331451,0.013151448
-0.019113109,-0.025986219,-0.005948882,-0.0013170451,0.02623716,0.005725054,5.3687378e-05,-0.01820434,0.010703313,-0.015645592,-0.0032973771
-0.022897365,-0.04656175,-0.02247593,0.0014409153,-0.028509026,0.0067370306,-0.04027512,0.029717207,0.0135578215,0.016687613,-0.12143031
-0.026265932,-0.05671579,-0.032958902,0.0064031254,-0.051199213,0.0036265312,-0.04901739,0.042087786,0.016117625,0.025364643,-0.1422085
-0.009373673,-0.017574776,-0.012656993,0.0037236686,-0.016548019,-0.0003541803,-0.01185616,0.011577797,0.0060855714,0.0069208476,-0.031002266
-0.0018148939,-0.0017072515,-0.0021190515,0.0005442217,-0.00222599,0.00064802874,0.0002010975,0.000740861,-0.00060711056,0.0015790686,-0.0008203214
-0.0014881387,-0.0005616694,-0.0015620497,0.0004883441,-0.0015404542,0.00045133638,0.0011441499,-0.0002591092,-0.0012603756,0.00088573666,0.002302519
-0.0011501628,-0.00012556673,-0.0009975183,0.00023823277,-0.0007564559,0.0002806518,0.0005436113,-9.7536584e-05,-0.00056156004,0.00076332927,0.0011436652
-0.0010616655,0.00024828178,-0.0005498684,-6.586715e-05,-0.0001420601,0.00015444047,5.2763204e-05,4.6964196e-05,-0.00045315226,0.0011097254,-0.00016937779
-0.0012343968,0.00042947728,-0.0018278693,-0.0007793652,0.0010400641,0.0008906784,-0.00044204918,-0.0007143689,-0.0031485127,0.008119897,0.0021219952
-0.0016948829,0.0012618928,-0.004678983,-0.00243191,0.0034338157,0.001986745,-0.0021497877,-0.0029316032,-0.010015162,0.02549819,0.0062792557
-0.0020534755,0.0011879217,-0.0044043483,-0.0017558242,0.0042316737,0.0033413894,0.0038918343,0.004063029,-0.0052614156,0.023008974,0.003907002
-0.0036873445,0.0028707315,-0.002721511,0.0002179349,0.0010747593,0.0066570495,0.008387592,0.007270781,0.0062096845,0.006478652,-0.004834867
-0.016990682,0.021508774,-0.019957164,0.0022931932,-0.008678071,0.004501283,-0.008220881,-0.002842115,0.017253915,0.0018558713,-0.02434784
-0.024274131,0.033192214,-0.044351865,0.004792398,-0.0072214855,-0.0070568984,-0.019778403,0.0039009908,0.007882675,-0.00035466082,-0.020341812
-0.0106977075,0.014788598,-0.027164217,0.0024143239,0.00010441517,-0.007875669,-0.010518549,0.007270188,-0.006915763,-0.00074027985,0.0014389948
-0.0020127872,0.0018885154,-0.004643683,0.000112790505,0.00028755778,-0.00019119808,-0.0009995806,0.00088684965,-0.00284504,-0.0003161348,0.0012069091
-0.0011757665,0.00076438056,-0.0022039337,0.00012623511,0.0003762591,0.00036980124,-0.00023093075,0.00018309323,-0.0018747947,-0.0005894053,7.35159e-05
-0.0010455535,0.00041803092,-0.0017829244,0.0002595408,0.0005657962,0.00036088322,0.0003407546,-0.0003628396,-0.0015885998,-0.00065239205,-0.0011603237
-0.0016681651,-0.0009788758,-0.0017089436,0.0010953778,0.0034284776,-0.00093401416,0.0059918007,-0.005045502,-0.001977484,-0.0031378563,-0.005530024
-0.0019405119,-0.0014120748,-0.0019649484,0.0015187386,0.004513769,-0.0012690622,0.007786363,-0.0060181,-0.0017818777,-0.004630743,-0.0055938032
-0.00103659,-0.00042404793,-0.0011031991,0.00030267815,0.0010062513,-8.623272e-05,0.0022507997,-0.0016647886,-0.0001389242,-0.0012332281,-0.0009862382
-0.0007506618,5.4336593e-05,-0.0007303707,-0.0010436263,-0.0003669223,-6.6978326e-05,0.0005257159,-0.000562417,0.00087041495,-2.9053715e-05,0.000101567464
-0.0010138404,0.00064425956,-0.0026902847,-0.011617817,-0.002760898,-0.0037778942,0.0030701822,-0.0027039715,0.006412053,-0.0018501518,0.0006747211
-0.001139234,0.0008161373,-0.003940963,-0.01758716,-0.0044591376,-0.005821292,0.0047863787,-0.0039083827,0.009243701,-0.0025211626,0.0011067452
-0.0009574225,0.00040558964,-0.002408152,-0.0059317066,-0.0020534415,-0.003316076,0.0018393104,-0.0016048948,0.004761586,-4.8143138e-05,6.0622788e-05
-0.0013814616,0.0008449733,-0.0036979744,0.004153881,-0.00017099977,-0.0073307636,-0.0012302058,-0.0008196481,0.008247063,0.002605698,-0.0025827694
-0.0014374778,0.00088038854,-0.0037385547,0.004784212,0.00031603448,-0.00767228,-0.0012318416,-0.0010020484,0.008585743,0.0022388264,-0.0033251839
-0.0008317007,2.4808101e-05,-0.0012375981,0.0012646539,-0.00024571113,-0.0017347902,0.0004459296,-0.00064371905,0.0017681068,0.000476182,-5.7215526e-05
-0.00052546087,-0.0001569778,-0.00046006977,0.00010323931,-0.00019358861,-0.00016605077,0.00044610762,-0.00029398187,-4.5576766e-05,0.00014676288,0.00033384725
-0.00057981093,-0.00023331796,-0.00048471897,6.6755456e-05,-0.00016346561,1.9832503e-05,0.00054813887,-0.0002928528,-0.00013817183,0.000116856594,0.00041783656
-0.00062738627,-0.00044022212,-0.0006656181,0.00018046303,-0.0003299625,0.00017628752,0.000737448,-0.00031298737,-0.00013020363,0.00023619039,0.00040719888
-0.0008101083,-0.00088267477,-0.00079586287,0.00013635821,-0.00060783833,0.00042336123,0.00024913097,0.000102495964,-0.00010364414,0.00044082027,-0.0006289109
-0.0043127923,-0.010297278,-0.003753001,0.0002977519,-0.009686679,0.0042947354,-0.004482625,0.0049885726,-0.0018566988,0.0036091115,-0.018576002
-0.012251238,-0.031441532,-0.010581217,0.0009340747,-0.029606223,0.013096166,-0.014317271,0.016051142,-0.0055985195,0.011983146,-0.057695758
-0.009985798,-0.024487004,-0.008812526,0.0012924279,-0.022949116,0.009993104,-0.009423826,0.011972638,-0.0042997324,0.009423303,-0.037395447
-0.0027642613,-0.0042710435,-0.001905168,0.00020428016,-0.002099348,0.0015445808,-0.000637413,0.00049413013,-5.5418423e-05,0.00059932907,0.000969734
-0.011184373,-0.0149650825,-0.0007163344,-0.0038056162,0.01313612,0.0062259305,-0.009508915,-0.007412171,0.0077783633,-0.0063281823,0.009418202
-0.032944474,-0.043351024,0.0006960619,-0.014077862,0.032351956,0.019091489,-0.040115256,-0.004130582,0.018960806,-0.0013873774,-0.014271972
-0.026067918,-0.032605078,0.0009980861,-0.011759616,0.021745306,0.014517944,-0.034496896,0.0038456589,0.011494369,0.0071787126,-0.028529309
-0.004603837,-0.0046086684,-0.00044158788,-0.0017229085,0.0032960395,0.0022200227,-0.0049081133,0.0004843821,0.0008256695,0.0021953743,-0.0046518766
-0.00127599,-0.0007747644,-0.000893186,-7.495273e-05,0.00072029827,0.00070190884,-0.0003468027,-0.00040311992,-0.00016640408,-3.5175937e-05,0.0008797678
-0.00072373165,-0.00023892139,-0.00064438715,4.3249263e-05,0.00025532985,0.00028048808,0.00013564172,-0.00032126837,-0.00011454886,0.00021068194,0.0005084456
-0.00066423614,-0.00017187197,-0.0007176494,6.331809e-05,8.4958054e-05,0.0003245049,0.00017372015,-0.00027917247,-0.00034119355,0.00017976316,0.00031640782
-0.0006964982,0.0002318001,-0.0010698228,-0.00024242258,-0.000107636326,0.00018178117,2.305079e-05,2.0098074e-05,-0.00092679705,-0.0008407264,-0.00012786897
-0.00075894187,0.0005431698,-0.0015741981,-0.0006492692,-0.00013113784,-0.00029560714,-0.00034330477,0.00049048767,-0.00130054,-0.0016953145,-0.0009695414
-0.0019917246,0.0029669143,-0.007607849,0.00082273985,0.00090777845,-0.0039175767,-0.0035737418,0.0032009978,-0.0022345171,-0.0017288657,-0.002765423
-0.006434528,0.011620116,-0.028142922,0.003374807,0.005014998,-0.0143877985,-0.013745946,0.0129871955,-0.010251849,-0.0046150656,-0.0045899614
-0.0066899643,0.011556667,-0.028026603,0.0033091616,0.00587128,-0.012627034,-0.012332392,0.012999602,-0.013000646,-0.003534099,0.0015543653
-0.0022456623,0.0029475677,-0.007704794,0.0008267052,0.0016698599,-0.0020141648,-0.002523909,0.0034089698,-0.0048197256,-0.00081219675,0.00322472
-0.0008644881,0.00058225077,-0.0015779026,0.0006757838,0.0001336763,-0.0007415818,-0.00018750608,0.0003720659,0.00017182858,0.0004175057,-0.00015464096
-0.00077454495,0.00038741814,-0.0011334275,0.00062904105,0.00044296787,6.752779e-05,0.001602117,0.0019967994,0.0010651009,0.000960532,-4.4495533e-05
-0.00070275733,0.0001431897,-0.00069321704,0.00024620895,0.0004854752,0.0008842836,0.002426519,0.0023870454,0.00071832276,0.0010743209,0.00025959272
-0.00058506377,5.0195642e-05,-0.0005467808,0.00015772229,0.00014760654,0.00046737716,0.00087536365,0.00036709962,5.3534844e-05,0.00023365271,0.00034576686
-0.0005654801,4.527294e-05,-0.0006480756,0.00014440018,0.000114733724,0.00040376323,0.00032502462,-0.00037611244,-0.0003050603,-0.00017787734,0.000725631
-0.0005105509,7.566012e-05,-0.00055391295,0.00014307545,1.0286424e-06,0.00029067582,0.00030410243,-0.000350739,-0.00024655473,-4.5168796e-05,0.0006013386
-0.00055590295,-0.00011490857,-0.00044728757,0.00020746332,0.00026559897,-9.6973374e-05,0.0009265972,-0.00086146756,-0.0003827085,-0.00039440536,-0.00016347112
-0.0008228041,-0.00052669516,-0.001079432,0.00068797194,0.0017968848,-0.00035338663,0.003045477,-0.0023220805,-0.0008412395,-0.0019315571,-0.0011652529
-0.00065916864,-0.00038705952,-0.0008578576,0.00051259826,0.0014611934,-0.0002012455,0.002274519,-0.001662783,-0.00041454745,-0.0014571532,-0.0009823826
-0.00035659067,-5.472525e-05,-0.00031497597,3.0821342e-05,-2.0541776e-05,-1.3202286e-06,0.0003715789,-0.00030409606,-5.8389116e-05,2.2759541e-05,-0.00013053523
-0.00031476901,-8.1938975e-05,-0.0003864973,6.042293e-06,-9.978486e-05,3.7736776e-05,0.00016669893,-0.00015125026,-8.140209e-05,5.4208274e-05,-0.00024009026
-0.00030908274,-9.736383e-05,-0.00032945492,2.3593568e-05,-0.00019390989,9.718091e-05,0.00020431983,-0.00012100712,-1.5819998e-05,5.1482897e-05,-0.00023326484
-0.0003651219,6.0660885e-05,-0.0003118678,2.916235e-06,-0.0002891515,0.0005767881,0.00011674223,-0.00021868144,0.00042467105,0.0001151954,-0.0005435625
-0.00093875546,0.0009221107,-0.0004924242,0.00027642195,-0.0014387841,0.0045217047,0.00064305693,-0.002510354,0.0033177065,0.0003380064,-0.0025119092
-0.0013582554,0.0010765601,-0.0007226816,0.0005115452,-0.0028581622,0.0069657206,0.0009222117,-0.0044094473,0.005067746,0.00048251194,-0.0040279166
-0.0024629335,-0.0040658754,-0.002518244,-0.0014934468,-0.006913763,0.003478616,0.00032026393,-0.0011995286,0.0021825868,0.0013430872,-0.005220085
-0.0036800858,-0.00784675,-0.0044663143,-0.00345533,-0.010287684,0.0010976497,0.000807802,0.0007190414,0.0003104284,0.0028573556,-0.0020032623
-0.0019571583,-0.0035574168,-0.0026446274,-0.0017107055,-0.0047058016,0.00033328764,0.0009476351,-3.336245e-05,-6.842151e-05,0.0019967493,0.0024947259
-0.000457331,-0.00026799898,-0.0005788477,-3.633736e-05,-0.0003609865,-2.1364396e-05,0.00019456694,-0.000119183416,-0.00013931649,0.00025954723,0.0011466058
-0.0003460175,-4.1607196e-05,-0.00036735766,4.3871387e-05,1.4214693e-05,5.100029e-05,0.0001015685,-0.00015467062,-4.6747587e-05,-2.5190371e-05,0.0004451571
-0.0003687164,-6.7927554e-05,-0.00041627997,9.148682e-05,8.08278e-05,2.4214354e-05,0.00018227297,-0.00020922539,-9.776055e-05,-0.00011363659,0.00062802
-0.00037705057,-1.0929529e-05,-0.00044116247,0.00010070331,5.993895e-05,0.000100827885,0.000101815116,-0.00016646956,-0.00016057907,-6.405648e-05,0.0004955241
-0.00030079993,-5.9306635e-06,-0.00033213812,6.0992927e-05,7.81072e-05,0.0001187032,3.2492248e-05,-0.00011185835,-8.299398e-05,-3.2216027e-05,0.0002104607
-0.0002882624,-9.02847e-05,-0.00026329336,2.2118382e-05,0.00010649277,3.053021e-05,8.66889e-05,-0.00020995834,0.00011424292,9.1792035e-06,0.00016039365
-0.00035409693,-0.00014362349,-0.00039740055,5.406421e-05,0.00028186655,-5.6246026e-06,-3.4856774e-05,-0.00021560527,0.00026756583,-5.337727e-06,-0.00015838923
-0.0017388985,-0.0023205266,-0.000374082,-0.0007479162,0.0012999868,0.0012355065,-0.002733952,0.0005453974,0.0007950467,0.00093787204,-0.004945038
-0.0028547198,-0.0040669064,-0.000507911,-0.0013106432,0.0021342172,0.0022680482,-0.0047826,0.0014098185,0.0011491409,0.0019528718,-0.009927332
-0.0013762712,-0.0017970409,-0.00044742084,-0.00055644684,0.001013576,0.0010389317,-0.0019490353,0.0006390725,0.0004968783,0.0009985052,-0.004926396
-0.00032811234,-5.107598e-05,-0.00041595259,-3.2572443e-05,0.00011980003,0.0001762651,9.232863e-05,-0.00010184869,-6.717115e-05,-0.00010054069,-0.00020385749
-0.00042355777,0.0002142009,-0.00078841473,1.564555e-05,4.8561127e-05,-0.00012974572,-0.00011223012,8.094603e-05,-0.0002774472,-0.00012477784,-0.00012544729
-0.0013640291,0.0020845274,-0.0053836494,0.00076855486,0.0008365935,-0.002435465,-0.0023416912,0.002340191,-0.0015666928,-0.0019418816,-0.0010009994
-0.0025370962,0.0041696825,-0.0101842545,0.0014653399,0.0022176565,-0.0039498336,-0.0042379084,0.004702231,-0.004630934,-0.0030155762,0.00083108933
-0.001746287,0.002461111,-0.0058352156,0.0007876753,0.0013473392,-0.0016978581,-0.002106247,0.0026695502,-0.0036780487,-0.0015817381,0.002547302
-0.00061362534,0.00039378108,-0.00084167166,9.558388e-05,5.864553e-05,-0.0003265153,-0.00018567724,0.00033690446,-0.00071822054,-0.00017551942,0.0007282956
-0.0003376621,9.509569e-06,-0.00021772907,1.3917411e-05,-2.055691e-05,-6.522589e-06,3.4432644e-05,-9.0028196e-05,-0.00016185317,5.737634e-05,0.00021373676
-0.0003139141,-3.349006e-05,-0.00023990605,1.549068e-05,4.8797257e-05,4.566974e-06,5.1544837e-05,-0.00011555614,-0.00020042238,-3.6583526e-05,0.000289559
-0.00028803683,-3.2825053e-05,-0.0002738794,-5.3865056e-06,1.857021e-05,7.564355e-05,4.1323405e-05,-7.605042e-05,-0.00024025136,-0.00012898855,0.00024499017
-0.00030776663,-1.8138222e-05,-0.0001863283,-6.907855e-05,3.894297e-05,-1.4660168e-05,4.8029135e-05,-5.703521e-06,-0.00012619638,-9.218388e-05,-4.8372054e-05
-0.00053489825,0.00019334635,7.0971866e-05,-0.00010474741,1.6060076e-05,-6.332631e-05,0.0001855665,0.0002376129,-9.3929935e-05,0.00024050532,-2.7231154e-05
-0.0006778296,0.0002992487,0.00027314745,-9.660518e-05,-0.00014378462,-0.00015897014,0.00027670013,0.00025584124,-0.00014572669,0.00032818547,8.3916086e-05
-0.0004272363,8.751106e-05,-5.6404806e-05,-5.2958236e-05,6.718862e-05,8.759806e-05,0.00055612717,0.0005907893,0.00014842961,0.0003001373,-0.00013529374
-0.00037041723,5.614539e-07,-0.00044279182,7.006112e-05,0.0005904722,0.00057011686,0.0016722743,0.0017813562,0.00061029516,0.0007400017,-0.00034632662
-0.00037405657,-1.9396486e-05,-0.0004404421,6.6089386e-05,0.0004923861,0.0005480329,0.0014235687,0.0014024867,0.00046135782,0.0006691414,-0.00031199332
-0.00031320774,-4.4780303e-05,-0.00032105632,-7.88004e-05,0.00010039361,0.0001557949,0.0001687751,7.7175784e-05,4.5518496e-05,0.00033002082,-0.00015868666
-0.00043457426,-4.9974493e-05,-0.0005841146,-0.00014723511,0.0005352101,0.00020907556,0.00044057547,-0.0007470628,-0.0006921666,0.0014080897,-1.526537e-05
-0.0005208977,-7.119389e-05,-0.0008942127,-0.00011430586,0.0009928474,0.00013064935,0.00094468147,-0.0012635575,-0.0012824669,0.0023651572,1.1545307e-05
-0.000581049,-0.00036526335,-0.0006853815,0.000114285795,-0.00021176018,-6.0266604e-05,0.00048841647,-0.0005815914,-0.0005700237,0.0011403337,0.00045828315
-0.0014062031,-0.0021626528,-0.0015960042,0.0014491201,-0.0031149474,-0.001029492,0.00095205894,-0.0007767321,0.00035988327,0.00085330586,0.0018957966
-0.0014918665,-0.002350194,-0.0018946948,0.0017722666,-0.003340829,-0.0012504078,0.0010855489,-0.0008227323,0.0005986003,0.00082433235,0.0025393676
-0.00059171295,-0.00063023646,-0.0006942821,0.00047544422,-0.00081512996,-0.00030520573,0.0004108427,-0.00028852353,0.00017210068,0.00025312032,0.0012853747
-0.00030287667,-6.086929e-05,-0.00022871069,1.3960853e-05,4.6856938e-05,-1.0859892e-05,6.320422e-05,-9.359912e-05,2.3939647e-05,0.000105059196,0.00012352824
-0.00029896793,-8.321857e-05,-0.00020811429,4.539458e-06,7.674602e-05,4.3523454e-05,4.245235e-05,-9.264759e-05,1.5179437e-05,0.00017732652,3.2829612e-05
-0.00030659928,-5.97374e-05,-0.00019546603,-6.4220426e-06,9.168938e-06,-4.6433343e-05,9.494355e-05,-3.442456e-05,-7.0948576e-05,0.00019635534,8.719118e-05
-0.000280311,-3.7294645e-05,-0.00016736834,-4.154409e-05,6.299497e-05,-4.817503e-05,0.000109861336,-6.586809e-06,-7.1461414e-05,0.00015625908,1.1237621e-05
-0.00030765368,-3.9388382e-05,-0.00012782027,-5.8889917e-05,6.501557e-05,1.641245e-05,0.00015034624,-3.8771967e-05,1.4439488e-05,0.00025472933,2.1557116e-05
-0.00027979256,-1.8239767e-05,-0.00015546831,-8.9602036e-05,3.276764e-05,0.00011351999,0.00018230508,-0.00010391749,7.939032e-05,0.00026962662,-0.00015818271
-0.0002758147,-4.8487127e-05,-0.00019647348,-0.00017913067,4.2356205e-05,0.00012529411,0.0001719146,-9.969507e-05,0.000157449,0.0001540839,-0.00017795687
-0.0003838883,-4.451736e-06,-0.00029083889,-0.00095440104,-0.00015610165,-0.00029476968,0.00042621949,-0.0002797537,0.0005219822,-0.00029068196,0.00015193956
-0.00045239902,0.00016189451,-0.00052079116,-0.0021308714,-0.0005144559,-0.00077043386,0.0006723896,-0.00042732447,0.0009997824,-0.0008323216,6.178384e-05
-0.00039253526,0.00014226472,-0.00032104563,-0.0013229713,-0.0003748329,-0.00039721048,0.00043899086,-0.00027804024,0.00060513546,-0.00049923576,-0.00012830757
-0.00038192305,8.345074e-06,-5.265279e-05,-0.0001750721,-7.67879e-05,-1.0404152e-05,0.0001784004,-9.728257e-05,0.00012222279,4.6030902e-05,0.00012581897
-0.00046846824,-0.00016762075,-0.00014097514,-7.554656e-05,6.080893e-05,0.00016808735,0.00021635658,-0.00028730623,0.00026974236,-7.8126664e-05,0.00041131309
-0.0014057906,-0.001310132,-0.0001520222,-0.00030077642,0.0014951285,0.0006645299,-0.00028316124,-0.0015641705,0.0010207234,-0.0013587113,0.0017957649
-0.003716271,-0.0033505054,-0.0006429316,-0.0009019432,0.002922526,0.0027553472,-0.0030455403,-0.0017168028,0.0021548704,-0.001763172,-0.0013217576
-0.0039006618,-0.0009906378,-0.0028194657,-9.2632494e-05,0.0018611163,0.0028584,-0.0037322673,0.0005289394,-4.8095902e-05,-0.0010569566,-0.004171528
-0.0018888458,0.0013625687,-0.0030984562,0.0006937715,0.0009873948,0.0006127025,-0.0012746196,0.00079819746,-0.0018690282,-0.0010758325,-8.11427e-05
-0.0006498529,0.00039341222,-0.00085427234,9.5222924e-05,0.00025561193,-0.00013729969,-0.00019597677,0.00021483359,-0.0007530427,-0.00012267349,0.00070249295
-0.0004075066,9.009294e-05,-6.702069e-05,-3.5595895e-05,-8.112431e-06,-0.00015356053,0.00012248183,-0.00013909358,-0.0001180226,0.00011715899,0.00010120721
-0.00029485652,1.2003174e-05,-0.0001755367,-5.957309e-06,8.999459e-06,-2.4408662e-05,0.00014567203,-4.315222e-05,-1.634523e-05,9.864895e-05,4.5118817e-05
-0.0003142466,3.2818105e-05,-0.00017815648,2.2794775e-05,2.899575e-05,5.395546e-06,0.00019887663,-6.52347e-05,-6.460741e-05,3.68512e-05,0.00010100104
-0.00031426526,1.8704439e-05,-0.00024413563,0.000116271876,1.5418958e-05,-0.00016900647,0.00018901605,-0.000115437404,0.00017734303,0.00015824563,-8.040261e-05
-0.000310318,5.2853127e-05,-0.00047505833,0.00038200605,4.96666e-05,-0.00078284787,-1.7543161e-05,-7.570945e-05,0.00082065124,0.00038810915,-0.00048245658
-0.00028894737,9.8707234e-05,-0.0005761083,0.00026960144,0.00014330083,-0.00067166355,-8.15428e-05,-0.00022626478,0.0004748829,0.0008951532,-0.00029202097
-0.0002844687,7.5119686e-05,-0.00060793146,-0.00023657233,0.00029438862,-3.355452e-07,8.56959e-06,-0.0004950561,-0.00071242097,0.0026197287,0.00032495084
-0.0002797561,1.0641579e-05,-0.00045114875,-0.00022976157,0.00019792693,4.5479144e-05,0.000105247054,-0.00043636627,-0.00064418535,0.0022317476,0.00023708663
-0.00029371836,-1.3035686e-06,-0.00019112401,-2.4770346e-05,-2.413835e-05,-0.00012389103,0.00018786946,-0.00016294721,-0.00017398945,0.00037964294,0.00013498703
-0.0002616558,-1.8303886e-05,-0.00016331855,6.4234505e-06,-0.00012260686,-8.502656e-05,0.00016755551,-4.8143025e-05,-9.013928e-05,-1.9973582e-05,0.0002766914
-0.00026603212,-0.00016352786,-0.00025545378,7.382288e-05,-0.0002506665,-8.808682e-06,0.00036302,-0.00014413754,-0.00011296147,2.7371056e-05,0.0006893185
-0.00059147837,-0.0008490309,-0.000640619,0.0003605771,-0.0013334829,6.331211e-05,0.0011347831,-0.000415901,-0.00042936244,1.1304315e-05,0.0021759719
-0.0011620518,-0.0020233507,-0.0014412764,0.0007429457,-0.0032363718,0.00017995447,0.0021703544,-0.00066910946,-0.0010549942,-0.0001941039,0.004707839
-0.0009414286,-0.0014011045,-0.0012175412,0.0005311684,-0.0020619996,0.00023086937,0.0018429699,9.992074e-05,-0.00049348775,1.3100342e-05,0.0039669746
-0.00045833905,-0.00017138597,-0.0005366005,0.00018159125,8.343924e-05,0.00040282094,0.0013943221,0.001115876,0.0003347246,0.00041003662,0.0011370763
-0.00040716588,-7.494147e-05,-0.00048364364,0.00022723104,0.0005340502,0.00011827596,0.0014033932,0.00022739604,0.0001209327,-6.126392e-05,-0.00022858285
-0.00034817346,-0.00013736654,-0.0004219382,0.0001962462,0.0003692501,-7.708993e-05,0.00093808427,-0.00056762644,-0.00013300912,-0.00036348726,-0.00029534785
-0.00021650222,-3.6013123e-05,-0.00022802976,-1.0003451e-05,7.919242e-05,0.00013010272,0.0003273523,-0.00021637625,-2.0736032e-05,-1.8796089e-05,-0.00016546901
-0.00018857839,-3.5551402e-05,-0.00023048281,-3.674481e-05,6.1801686e-05,9.6581556e-05,0.00017818836,-7.1850875e-05,4.4385888e-05,-7.0220585e-06,-9.169229e-05
-0.00020728825,-1.8125715e-05,-0.00023581977,-3.1493553e-05,1.4432225e-05,4.7179557e-05,0.000113878836,-0.00010471081,5.4852604e-05,-6.7577035e-05,-4.2865664e-05
-0.00021883169,-2.7388069e-06,-0.00020638599,-2.7363914e-05,-2.8601238e-05,9.360794e-05,0.00010241551,-7.290736e-05,4.131124e-05,-2.6836335e-05,-0.00015150277
-0.00043327117,0.00011572334,-4.0951887e-05,-8.3021034e-05,1.7778571e-05,0.00010225999,0.00018951992,0.0003254513,3.9380004e-05,0.00017703114,-9.033651e-05
-0.00070511125,0.00027874173,0.00025802088,-0.00010027881,-0.00010595446,-0.00014022338,0.00034328268,0.0002933604,-0.0001406982,0.00017998889,0.0002971012
-0.0005696169,0.000211288,0.00021261783,-3.3329874e-05,-0.00020448556,-0.00031161285,0.0002807622,-9.6644755e-05,-0.00022115903,-7.778674e-06,0.00025001535
-0.0003270137,2.6526151e-05,-0.00010825246,-8.0769126e-07,-8.337684e-05,-0.000111526184,0.0001828852,-0.00013242807,-0.00011788416,-2.3302624e-05,0.00018086225
-0.0003281467,5.3032956e-05,-0.00017604252,2.038346e-05,-1.1068765e-05,-6.554799e-05,0.000199532,-0.000103224535,-0.00015562103,-7.372474e-05,0.00023784398
-0.0003238117,-1.2778423e-06,-0.0002226839,9.109175e-05,-0.00013025475,-6.916141e-05,0.0002804963,-0.00013565207,-0.00016397508,-4.9257564e-05,0.00038730467
-0.00030292253,7.568832e-05,-0.00047460038,0.0004200423,-8.5240405e-05,-0.00058052,-4.1973773e-05,-0.00010605454,0.00059525226,0.0002057409,7.756403e-05
-0.0003990005,0.00026180063,-0.00091146457,0.0010358712,0.0001208541,-0.0015659598,-0.00040048966,-0.00023080804,0.0017481932,0.00032236197,-0.0006212995
-0.0003769316,0.00026522257,-0.00094420905,0.0007159145,0.00020480009,-0.0007749506,-0.00026329642,-0.00018739946,0.0007059028,-5.2625008e-05,-0.00031275646
-0.00060138374,0.0008110405,-0.001997514,0.00044716455,0.00069310056,0.0002779815,-0.00053600484,0.0005258991,-0.0015278729,-0.00083908456,0.0006594008
-0.0010273932,0.0015272016,-0.003667047,0.0007288578,0.0013988737,0.00025031617,-0.0010164771,0.0012229224,-0.0029269606,-0.0014771555,0.0017273139
-0.00076486834,0.0008020277,-0.002393543,-0.00023070771,0.0008080992,-0.00011156549,-0.0003975508,0.0005412054,-0.0013713499,-0.00090847164,0.0016748128
-0.0010316448,-0.00096708647,-0.00091708224,-0.0023155813,0.00042423757,-0.00013090577,-0.0007861429,-0.00034239728,0.0012175814,-0.00026451255,-0.00088600913
-0.0016096509,-0.0021323527,-0.00067325507,-0.0023249874,0.00083936617,0.0006565019,-0.002240268,0.00018823208,0.0012818449,0.00078281737,-0.0043458855
-0.0008926411,-0.0010714184,-0.00042064322,-0.0006258416,0.0006129261,0.0005904395,-0.0012470738,0.00029635546,0.00013371556,0.0008044526,-0.002990735
-0.00021286219,-6.3253705e-05,-0.00018464972,-5.1909057e-05,5.876479e-05,3.5446676e-05,0.0001015297,-0.00014387842,-5.716734e-05,3.7703136e-05,-0.00025222398
-0.00019173074,-4.9176724e-05,-0.00014642015,-3.3733322e-05,2.405559e-06,-2.16997e-06,5.4721357e-05,-8.038669e-05,-1.6760929e-05,-5.9450067e-05,-5.5475657e-06
-0.00019739334,-5.0367624e-05,-0.00017050466,-1.4803961e-05,5.94303e-05,1.8494522e-05,5.2038587e-05,-9.991159e-05,-7.918003e-06,-7.61776e-05,0.00014144048
-0.00020408424,-3.0459629e-05,-0.00014581688,1.1493925e-05,8.550851e-05,-4.9715345e-05,6.204529e-05,-8.1760554e-05,4.2391393e-06,-0.000100307676,0.00014664407
-0.00024687644,-4.988837e-05,-0.00012976988,1.1855335e-06,0.00012207574,-0.00010213305,6.190969e-05,-5.1559844e-05,-2.069429e-05,-0.00011018505,0.00019653591
-0.00022865814,4.657151e-06,-0.00011577888,-3.20171e-06,6.551081e-05,-0.00011252387,6.317468e-05,-4.811686e-05,-7.074474e-05,-8.6341766e-05,8.063393e-05
-0.0002006608,-3.2136468e-05,-0.0001833369,1.0404024e-05,1.6134822e-05,-2.8870176e-05,-2.4142628e-05,1.1766826e-05,-2.7172982e-05,-4.5970144e-05,-0.00015721233
-0.0003505356,-0.00047554355,-0.00033036032,-5.8027003e-05,-0.0002943504,0.0002558911,-0.00048487892,0.00042859354,-0.00011557059,0.00022070149,-0.001670736
-0.00041914466,-0.0006691638,-0.00040746806,-0.00010007288,-0.0003792894,0.0004119392,-0.000701023,0.00054696546,-0.00014035967,0.00032362287,-0.0022082771
-0.00026883412,-0.00020087857,-0.0003284026,-1.7620798e-05,-8.0196194e-05,0.00026839663,-0.00022352571,0.00013457335,-8.8397144e-05,7.288877e-05,-0.000577921
-0.0003154272,0.0002325664,-0.00028770414,2.5333513e-05,-1.7660035e-05,0.0006621327,7.781924e-05,-0.00020664482,0.00027344748,4.5390585e-05,-0.0001791423
-0.0004409305,0.00038648205,-7.475162e-05,3.2335167e-05,-0.00029479698,0.001067723,0.00020625147,-0.00059864286,0.0007719519,0.00012228022,-0.00061295344
-0.00030104874,0.00021801887,-4.3635206e-05,3.2060263e-05,-0.00023988422,0.00055905373,0.00011513314,-0.00046284933,0.00043118413,3.6871057e-05,-0.0003813526
-0.00014670372,2.698709e-05,-0.00014459563,5.2788305e-06,1.0532504e-05,4.8601465e-05,4.598511e-05,-8.44495e-05,2.6104688e-05,-7.737298e-05,-2.9074712e-05
-0.00011363903,-1.43736215e-05,-0.00013818806,1.89349e-05,7.3715004e-05,-2.6573052e-05,4.64884e-05,-3.6726484e-05,1.5206206e-05,-8.837041e-05,5.144293e-06
-0.0001386138,-6.959208e-06,-0.0002019332,0.00014200718,9.282664e-05,-0.0002517538,-2.9690345e-05,-6.371332e-05,0.0002602979,-3.9980773e-06,-0.00014161145
-0.00017387058,-1.5332536e-05,-0.00028144548,0.00024655674,0.00018368286,-0.00040428687,0.00011492586,-0.0001714951,0.00034611672,-2.3809242e-05,-0.000425557
-0.00021717104,-6.255041e-05,-0.00026297502,0.00015601724,0.00037713436,-7.467031e-05,0.0006319539,0.000109723704,0.00022604645,-5.7110236e-05,-0.00030281692
-0.00023924636,-3.8928883e-05,-0.00030622745,1.060322e-05,0.0003499721,0.00020877636,0.0008803129,0.0007325934,0.0003121976,5.5310175e-05,-0.00020738582
-0.00018575985,-2.2282402e-05,-0.00024272806,-7.9864156e-05,0.0001601636,0.00013487489,0.00042759863,0.00044945563,0.0001637163,-5.6079385e-05,-0.00015440592
-0.0001434237,-3.378751e-05,-0.00015942921,-4.0493883e-06,4.141395e-05,3.3631954e-05,6.4745014e-05,-3.99141e-05,1.7015229e-05,-7.220078e-05,7.9812424e-05
-0.0001579235,-5.24168e-05,-0.00015963682,2.250622e-05,4.490639e-06,2.6397605e-05,5.346925e-05,-7.791667e-05,-3.3044664e-05,1.476827e-06,0.00017888263
-0.00016578444,-7.109396e-05,-0.0001536635,2.8482107e-05,-2.8596342e-05,5.325718e-06,7.719346e-05,-6.7801244e-05,-3.0047077e-05,3.117481e-05,0.00026404063
-0.00014440477,-3.4783494e-05,-0.00014168172,1.8185721e-05,-5.2923792e-06,-2.7324613e-06,4.4499982e-05,-4.1848332e-05,-1.8065408e-05,8.099814e-05,7.7338555e-05
-0.00013482242,-2.7032134e-05,-0.00012202748,-1.3364435e-05,-1.5867603e-05,-1.9582461e-05,1.4539344e-05,-3.7579743e-05,-4.0127015e-05,0.00012855329,-8.053153e-05
-0.00016879405,-1.4793967e-05,-0.00020232648,-8.554955e-05,3.8656464e-05,3.6961042e-05,-5.491891e-05,-0.00011088854,-0.0002699703,0.00071980304,0.00015519786
-0.00018154774,4.87453e-05,-0.00035421885,-0.00015974512,0.00016102735,0.00013600185,-0.00014204974,-0.00023428268,-0.0006181789,0.0016279334,0.0004640677
-0.00018770748,3.693976e-05,-0.00039805786,-0.00010050249,3.0007437e-05,-6.3925563e-06,-7.025521e-05,-0.00017612109,-0.0004025818,0.001157327,0.000313442
-0.00020850764,7.506737e-05,-0.00047631413,1.019507e-05,-0.00011088364,-0.00027671782,-0.000108922635,0.00010142063,-6.282915e-05,0.00014985952,-0.00010093695
-0.00022994945,7.338881e-05,-0.0004498771,3.1044183e-05,-0.000105875406,-0.00020424143,-9.430065e-05,0.00010105993,-0.00012873654,3.5519104e-05,5.846787e-05
-0.00019285815,-6.61902e-06,-0.0001587038,-2.422535e-06,-4.1410458e-05,-4.464508e-05,-1.0244715e-05,1.0334616e-05,-7.9860445e-05,4.650671e-05,0.00021809344
-0.00017777937,-7.2848714e-05,-6.623695e-05,-8.6777045e-06,-0.00012349513,-8.796139e-06,9.946986e-05,-4.309561e-05,-6.684166e-05,0.00014101529,0.00022688408
-0.00019810385,-0.000105381674,-7.131992e-05,7.0396763e-06,-0.00017155992,2.1422507e-05,0.0001587533,-6.249714e-05,-7.653377e-05,0.00013706041,0.00029151162
-0.00021624057,-0.000112366586,-6.0841292e-05,-3.5724486e-07,-7.215528e-05,6.0400405e-05,0.00014275283,-0.00014078632,-2.7090719e-05,8.509775e-05,0.00030655102
-0.0005323415,-0.00038996045,2.9506612e-06,-5.5374752e-05,0.0003241585,5.0002196e-05,0.00017261479,-0.00050255965,0.00011586597,-0.000283977,0.0010605587
-0.0015175268,-0.0009986155,0.0003659321,-0.0003876551,0.0007038881,0.00019062303,-0.0005093127,-0.00015320128,0.00018913113,-0.00017266798,0.0005604402
-0.0022611327,-0.00029876077,0.0010632224,-0.00042336623,-0.00041119225,-0.0002621265,-0.00053015974,0.00015763598,-0.0006486244,0.00058612955,-7.1995986e-05
-0.0014317513,0.0003160492,0.0007788001,-0.00012401833,-0.00086525554,-0.0004400049,0.00023232022,-0.0002646359,-0.0007293964,0.00047343076,0.00071810116
-0.0010412359,-0.001747632,-0.00051098573,-0.00046577727,-0.001923565,0.00055125187,-0.0008180409,0.0008903874,-0.00017718512,0.00086367375,-0.0039819772
-0.0024404526,-0.0056730714,-0.0020145038,-0.0018534537,-0.005703721,0.0018087348,-0.0027579467,0.0029646368,-1.6658394e-05,0.0030376469,-0.013673202
-0.002166667,-0.004861807,-0.0019052591,-0.0016508468,-0.0050951354,0.0014291769,-0.00165955,0.002184968,0.00011094787,0.0027209562,-0.009748693
-0.00067353644,-0.0011786701,-0.00055056403,-0.00026398906,-0.0013875198,0.0002648212,7.352823e-05,0.00034480036,-2.8186852e-05,0.0005916585,-0.0005658427
-0.00022718616,-0.00010160769,-8.625264e-05,-3.926059e-05,-0.00017091123,-2.8259214e-05,1.9278741e-05,6.604703e-05,-0.00010166587,0.00015154776,-9.663667e-05
-0.00019730293,-1.3609568e-05,-0.00012251947,-1.915441e-05,-4.0627645e-05,-1.3203195e-05,-4.546187e-05,8.472847e-05,-0.00017583693,0.000103782186,-0.00012988328
-0.00018355636,3.8908765e-06,-0.00013027442,-1.3603359e-06,-4.4257504e-05,-1.235534e-05,-3.084061e-05,6.489421e-05,-0.00017475868,0.00010007521,-2.8564584e-05
-0.00019238464,1.8231556e-05,-2.1681692e-05,-1.2292568e-05,-7.8165525e-05,-8.8008484e-05,3.4515262e-05,4.314954e-05,-9.621338e-05,8.914093e-05,7.842996e-05
-0.00019077562,-2.121367e-06,-8.318137e-05,-3.6739125e-06,-7.244361e-05,-6.388144e-05,1.1892177e-05,3.528679e-05,-6.639095e-05,4.7759764e-05,0.00011005046
-0.00018552644,-3.462544e-05,-0.00014334865,2.165685e-05,-9.2346185e-05,-5.575809e-05,3.4870933e-05,-2.9427026e-06,-7.227631e-05,8.0838574e-05,0.00023682219
-0.00017629866,6.339066e-06,-0.00010717353,2.6694071e-05,-0.00011050597,-8.704291e-06,5.4022355e-05,-4.153556e-05,-5.353429e-05,6.938202e-05,0.00014611566
-0.00020341373,6.578687e-05,-0.00011232108,2.3687031e-05,-6.4635344e-05,1.7005728e-05,4.5133065e-06,-3.167316e-05,-8.060391e-05,1.1768563e-05,0.00015036142
-0.0002445051,6.801339e-05,-0.000112594375,5.1184747e-05,-7.175849e-05,-2.7763985e-05,9.1466914e-05,-5.9243997e-05,-6.908324e-05,5.932811e-05,0.00023582259
-0.00026499157,7.278485e-05,-0.00013997876,6.899184e-05,-0.00010860964,-6.251114e-05,0.00013793459,-4.3170185e-05,-8.913483e-05,0.00011854252,0.00022696322
-0.0002297802,5.553078e-05,-0.00011148915,3.3560216e-05,-8.645819e-05,-1.1429266e-05,0.00014615919,8.661399e-06,-6.41395e-05,0.0001416936,2.4985688e-05
-0.000281387,8.821746e-05,-0.00012828896,3.464177e-05,-0.0001130598,1.6138212e-05,0.00016599838,-4.9990704e-05,-0.00017195733,0.00020031954,7.6007105e-05
-0.0003253721,9.716081e-05,-0.00021614996,3.0973217e-05,-2.008062e-05,-4.998673e-05,0.00018191728,-0.00023844703,-0.00033086445,0.00036025277,0.00013006045
-0.00028886023,6.353924e-05,-0.00023762586,-3.9663682e-06,0.00011709123,-2.2316387e-06,0.00023179999,-0.00021870507,-0.00030208926,0.00046351526,-3.3515353e-05
-0.0002683374,8.996859e-05,-0.00029235362,3.902536e-05,3.733411e-05,0.00016017677,0.00022341507,9.138038e-06,-0.00016830159,0.00022249507,0.00010943237
-0.00029777744,8.550574e-05,-0.00036383563,5.8108697e-05,7.1899267e-06,0.00024972414,0.00044247063,0.00033136617,-0.00010713906,0.00024890393,0.00023235712
-0.00029750683,0.00011516596,-0.0003994956,5.5492837e-05,1.3042081e-05,0.00026933936,0.00031377395,0.0003430222,-0.00017003065,0.0002461311,0.00017776362
-0.00037328413,0.00019884124,-0.00043105637,6.9456364e-05,-4.827602e-05,0.00030864312,0.0001048856,8.313686e-06,-0.00028929795,1.7838189e-05,0.00017398772
-0.0009520446,0.00069114834,-0.00025062604,-5.0714866e-06,-0.00020551021,0.00043361844,9.772902e-05,9.864487e-05,0.00027633598,-2.574371e-05,2.1415977e-05
-0.0025539268,0.002722727,-0.0017904085,0.00034550353,-0.0010818713,0.000274521,-0.0008306864,-0.00052520237,0.0012037341,-0.0003113348,-0.0016163326
-0.0026535762,0.0033384752,-0.0040514655,0.0007375444,-0.00065282156,-5.742617e-06,-0.0015536883,-0.0005677694,8.176762e-05,-0.00035403486,-0.0016410811
-0.0012831333,0.0015442175,-0.002708108,0.00039255613,0.00028937234,-0.0003224494,-0.000782409,0.00034482867,-0.0013353872,-6.2835397e-06,0.00038243446
-0.00053847657,0.00042165464,-0.0005789716,8.232028e-05,-5.8180274e-05,-0.00017260434,-0.000108721026,3.1800206e-05,-0.00037486284,-1.9109522e-05,0.0002697325
-0.00031549257,0.0001507836,-6.778732e-05,2.2829858e-05,-9.394927e-05,8.0606475e-07,0.0001017925,-0.00013871047,6.54159e-05,2.5893934e-05,-0.00010176047
-0.00036515482,0.000120704004,2.8664921e-05,-1.3999395e-06,-0.00014843534,-0.00016244591,0.00017172733,-8.37634e-05,-5.5046854e-05,6.250355e-05,-0.000103420054
-0.0003423632,4.7441965e-05,-3.488575e-05,2.9385237e-05,-0.00022318195,-9.2234375e-05,0.0002619311,-0.00014598254,-9.145994e-05,0.00010943039,0.00027230277
-0.00025443744,2.4850272e-06,-0.000113560716,3.937777e-05,-0.00020520405,5.4662967e-05,0.00022367701,-0.00012140683,-1.948163e-05,9.682787e-05,0.00019078379
-0.00026482434,-8.253816e-05,-0.00014736764,-6.2215845e-06,-0.0001435529,7.072285e-05,1.4269967e-05,6.064148e-05,-4.6427824e-05,8.373842e-05,-0.00023730943
-0.00043958,-0.00059043814,-0.00031950205,-2.607283e-05,-0.0005883618,0.00027118478,-0.0003539153,0.00044916017,-0.0001489439,0.0002316142,-0.0012258311
-0.0005175438,-0.00089992513,-0.00042583968,-6.4258165e-06,-0.00074228423,0.00046962523,-0.00052498275,0.0005215499,-5.9641694e-05,0.00022642603,-0.0015191528
-0.0005644825,-0.0007022989,-0.00026827803,-3.6866135e-05,4.9904957e-05,0.0002726348,-0.00019915531,-0.00016360634,0.00019154421,-0.00020347054,0.0005558247
-0.000708408,-0.00076934707,-0.0001745962,-0.0001804244,0.000482896,0.00030507758,-0.00056558766,-0.0001112283,0.0002885898,-4.0741263e-05,-0.00012498462
-0.00048174182,-0.0003600033,-0.00018058014,-8.6138665e-05,0.00027366637,0.00016819827,-0.0002867716,-3.4530414e-05,6.886025e-06,0.00013216838,-0.0005731698
-0.00024842194,3.517134e-06,-0.0001256298,-3.714866e-05,-2.9423947e-05,2.4592318e-06,5.1987237e-05,-0.0001089396,-0.00014729462,2.0260755e-05,1.8236762e-05
-0.000247433,-1.1514613e-05,-0.00013130723,-3.8655708e-05,-3.0405005e-05,-4.744116e-06,5.929824e-05,-0.00011768573,-1.8644646e-06,-1.2713915e-05,0.00025257617
-0.00027856108,-3.2693668e-05,-0.00020200553,4.239535e-06,7.474987e-05,4.1347274e-05,8.952755e-05,-0.00016189685,1.9851766e-05,-5.0525756e-05,0.00035902314
-0.0002734202,-5.9319837e-06,-0.0001577374,1.50081605e-05,3.1406405e-05,-4.0127226e-05,9.182791e-05,-0.00018049878,8.904214e-06,-6.0363924e-05,7.313516e-05
-0.00030105805,3.9181818e-05,-7.154865e-05,-5.3718064e-05,-8.578976e-06,-0.000103821294,5.5305114e-05,-0.00013974051,4.6397827e-06,-0.000102373524,0.00011687607
-0.00027229343,9.7871474e-05,-0.00016124679,-0.00014214512,-2.4631663e-05,-0.00010971241,5.1695497e-05,-6.9177586e-05,-8.509314e-05,-0.00012734617,0.00013308214
-0.00026241207,9.743681e-05,-0.0003830484,-0.00050275197,-0.00010082433,-0.0001512973,5.8282712e-05,-3.142399e-05,2.1443926e-05,-0.00048738415,-7.309134e-05
-0.00025894784,8.046503e-05,-0.00055573543,-0.00063301367,-0.00013279785,-0.0001910848,-4.7977105e-06,-1.5773894e-05,1.5694379e-05,-0.00047128607,-0.00018373344
-0.00021916267,4.591632e-05,-0.00041696365,-0.00019720556,-7.339707e-05,-0.00014821564,6.0573457e-05,-6.056301e-05,-6.906137e-05,0.000110812194,0.00015794307
-0.0002188756,4.6950547e-05,-0.0003509733,4.731416e-05,2.4592455e-05,-9.5351184e-05,6.619661e-05,-2.9802593e-05,-8.688893e-05,7.81909e-05,0.00014159418
-0.00032049025,0.00011645128,-0.0002698783,4.377885e-05,8.982171e-05,-0.00012358422,1.6968503e-05,0.00017037707,-2.2086768e-05,5.060403e-05,0.00013445411
-0.0004999039,0.00027532066,-8.992773e-05,0.0001922097,-2.5333768e-05,-0.0005809965,-5.479642e-05,0.00024292179,0.00037726338,0.00028192103,-3.4569952e-05
-0.00044494343,0.00023990097,-0.00030545102,0.00044789424,-0.00011325319,-0.0009008535,-0.00014683597,2.4624824e-06,0.00069671153,0.00031381843,-0.00014709296
-0.00026513496,3.9630477e-06,-0.00035520544,0.0002590733,-6.480707e-05,-0.00032641628,1.5351083e-05,-0.00012268538,0.0003585025,6.2525934e-05,0.00013141171
-0.00020189963,-7.8820885e-05,-0.00018308716,6.425781e-05,-6.870789e-07,4.9080254e-06,6.8041074e-05,-0.00013648401,0.00015147045,-4.325649e-05,0.00024859534
-0.00019532515,-2.8806162e-05,-0.0001822457,6.0589395e-05,1.1913375e-05,-4.6271878e-05,5.936585e-05,-8.767194e-05,2.1919657e-05,-3.626724e-05,0.00010903773
-0.0002877201,-1.6954673e-05,-0.00023751122,6.595197e-05,0.00010093114,-4.1522566e-05,0.00015182274,-0.00016701124,-0.00016643641,-0.00011943739,0.00020060594
-0.00027404726,1.858801e-06,-0.00025270428,4.536962e-05,0.000104755905,1.9667948e-05,0.00016196018,-0.00012716395,-0.0002645893,-0.00015247792,0.00026722546
-0.00020292892,-2.6345557e-05,-0.00019062827,8.20292e-06,5.853309e-05,-1.6550417e-05,8.097062e-05,-7.702283e-05,-8.3715146e-05,-9.7940836e-05,0.00016664529
-0.00024295133,0.00011884509,-0.0005025223,2.3873548e-05,5.798663e-06,-0.00041293068,-0.00019580057,0.00012421922,9.410754e-05,-0.00011816193,-0.00025522584
-0.0003660148,0.0003512987,-0.0010613794,4.26334e-05,1.7993634e-05,-0.00096591853,-0.0005689932,0.0004428698,0.00010053907,-0.00019036877,-0.00055474986
-0.00034507006,0.00033029856,-0.0009881313,5.0108294e-05,0.00014184827,-0.00059496757,-0.00032504578,0.00056069146,-0.00015584132,-0.00014275708,-4.8768765e-05
-0.00027566002,0.00013542554,-0.00055302633,3.3305143e-05,0.00030265533,1.7272681e-05,0.00030620594,0.00069530896,-1.030093e-05,6.0484723e-05,0.0003322165
-0.00018413916,2.3988943e-05,-0.00024629052,2.7371316e-05,0.00018828199,0.000114620816,0.000422302,0.00050116,0.0001761089,0.00016012012,0.00011242281
-0.0001458145,-1.9811503e-05,-0.00014738846,3.8044862e-05,4.649316e-05,3.0467845e-05,0.00020903123,8.536521e-05,4.114522e-05,3.440069e-05,9.7733144e-05
-0.00014405478,-6.9897937e-06,-0.00015148327,3.0306868e-05,3.29226e-05,-4.6780588e-05,6.241764e-05,-1.3751561e-05,-1.3396702e-05,-2.9795605e-05,5.010995e-05
-0.00016766267,-1.4862478e-05,-0.00018282975,3.73112e-05,-3.3041455e-05,-1.7574637e-05,1.532529e-05,5.63678e-05,-2.5052113e-05,-1.6497841e-05,-8.88296e-06
-0.00025464583,-0.00024663107,-0.0002741952,3.819457e-05,-0.00029526456,6.377103e-05,-2.7013695e-05,0.00012306604,-6.281811e-05,1.2362173e-05,-0.00028237674
-0.00031236178,-0.00028036896,-0.00034194998,3.8925198e-05,-0.00042105129,3.0596086e-05,7.012161e-05,8.946317e-05,-0.00016901775,-8.239307e-05,-3.84899e-06
-0.00023172364,-6.889057e-05,-0.00021602644,5.3927313e-05,-0.00019894491,-5.2601354e-05,0.00011359818,-6.001245e-05,-5.9471946e-05,-9.241669e-05,0.0002546397
-0.00015683856,1.2817607e-05,-0.00012088636,4.8374768e-05,-3.2514865e-05,-3.332602e-05,4.573796e-05,-8.06721e-05,5.173062e-05,-2.7484419e-05,2.9500408e-05
-0.00017167888,4.6916054e-07,-0.00013594226,3.2688957e-05,-1.6169846e-05,-6.413847e-05,6.226717e-05,-8.055932e-05,1.3245095e-05,-9.403194e-06,6.766222e-05
-0.00017431293,-3.1545524e-06,-0.00014893574,1.34327765e-05,3.9594897e-06,-3.0158197e-05,4.240346e-05,-7.18951e-05,-7.5315234e-06,-2.2755212e-05,0.00012224745
-0.00019727858,-1.2137646e-05,-0.00016046023,1.3868021e-05,2.8001576e-05,3.0381914e-06,7.366287e-05,-0.00010037254,-7.586548e-05,-6.346853e-05,0.00025585562
-0.0004196519,-0.00026759988,-0.00014203503,-2.2705124e-05,0.00046059376,4.675328e-06,8.556391e-05,-0.0005246152,0.00013765138,-0.0004714587,0.00085566804
-0.0008861543,-0.00062218733,-0.00012986675,-0.000105656334,0.0008076109,0.0003239514,-0.00011384701,-0.00069336634,0.000592017,-0.0005709095,0.0009949495
-0.0010540398,-0.00028876623,2.9546907e-05,-7.726857e-05,0.0001813811,0.0006394199,-0.00015344535,-0.0005063188,0.00074065564,3.6856665e-05,-2.4462524e-05
-0.00067466067,0.00023390712,0.00011572181,1.26212535e-05,-0.0003054697,0.00048496271,5.0247538e-05,-0.00057960476,0.00037332653,0.00019690389,-0.0001886364
-0.00033885395,0.00015434822,-0.00014321071,4.584666e-05,-0.00010952907,0.000121228964,8.2479886e-08,-0.00016873347,-2.9259161e-05,1.4318068e-05,2.4515852e-05
-0.00022637747,7.523386e-05,-0.00023268587,2.131158e-05,4.298902e-05,-6.80714e-06,-4.0059957e-05,1.0120129e-05,-0.00017113895,-8.608111e-06,8.9973415e-05
-0.0001755849,4.75591e-05,-0.00020727623,2.0472025e-05,1.1981609e-05,-5.148401e-05,-2.0410751e-05,-9.894954e-06,-0.000114075694,-1.1741089e-05,4.107109e-05
-0.00016114827,3.2926288e-05,-0.000114130824,7.235601e-06,-2.0689442e-05,-6.299625e-05,3.347013e-05,-3.1327905e-05,-6.04972e-05,-1.1211141e-05,-2.4896968e-05
-0.00016615682,3.7695714e-05,-0.00010932587,-7.5638343e-07,-9.6781505e-06,-2.3760362e-05,3.6293623e-05,-3.241396e-05,-7.60931e-05,-3.4869427e-05,3.6982372e-05
-0.00015527413,1.898835e-05,-0.00013087742,8.807157e-08,1.579624e-05,1.8633056e-06,3.5569607e-05,-5.5976576e-05,-5.5064946e-05,-2.7280079e-05,3.2928143e-05
-0.00014514895,3.6047202e-06,-0.00010148031,-3.114045e-06,-4.240887e-05,2.5643428e-07,3.4748744e-05,-3.556718e-05,-5.438971e-05,3.115868e-05,-1.3285775e-05
-0.00012421847,-1.6045295e-05,-0.00010545308,-2.7642773e-06,-5.608209e-05,1.922031e-05,7.533357e-05,-1.9774723e-05,-3.075548e-05,1.7084205e-05,9.1489535e-05
-0.0001252238,-1.2289185e-05,-0.00011039783,-8.875497e-06,-4.502425e-05,1.9959478e-05,4.6925157e-05,-4.2513926e-05,3.971018e-06,-3.9136336e-05,0.00012564621
-0.000116445095,-7.2930284e-06,-8.194033e-05,-9.6400865e-05,-7.406798e-05,-1.129473e-05,9.666851e-05,-6.9025285e-05,5.0711526e-05,-5.0984792e-05,9.652159e-05
-0.00011954279,3.1860363e-05,-0.0001443867,-0.00040556118,-0.00013305429,-0.000113623624,0.00016901268,-0.00010567803,0.00018630808,-0.000105403444,4.51867e-05
-0.00015193532,6.576641e-05,-0.00015967534,-0.00044418382,-0.00013711661,-0.00011881611,0.00014280692,-0.00010315471,0.00017542066,-0.0001000195,2.5287492e-05
-0.0001611527,5.8302026e-05,-9.8619435e-05,-0.00013401851,-6.964962e-05,-3.882311e-05,6.510268e-05,-5.6998422e-05,8.838523e-06,-2.5973695e-05,8.394479e-05
-0.00013825904,4.0803865e-05,-8.178026e-05,-8.878427e-06,-4.5187084e-05,1.457811e-05,6.2282335e-05,-3.645524e-05,-3.5172474e-05,8.934264e-06,9.370241e-05
-0.0001688367,4.6449248e-05,-7.9390724e-05,-4.085529e-06,-7.552084e-05,-4.1584088e-05,9.501888e-05,-2.0136742e-05,-4.6142122e-05,2.720609e-05,8.9849294e-05
-0.0001923575,0.00011595148,-0.0002555151,2.4112973e-05,-3.3877805e-05,-0.00016746724,-3.6908794e-05,9.70695e-05,-8.0492806e-05,-5.7903067e-05,-3.198391e-05
-0.00025561574,0.00017979853,-0.0004452696,7.2065166e-05,7.6328986e-05,-0.00020587059,-2.092094e-05,0.00017758581,-0.00027141662,-7.5091135e-05,1.2789474e-05
-0.00026463185,0.0001353691,-0.0003226295,6.456805e-05,7.059823e-05,-8.075083e-05,9.916292e-05,0.00010945403,-0.00030133242,-4.222998e-05,0.000113174414
-0.00020073955,6.287885e-05,-0.00013197695,3.2487103e-05,-6.2023966e-05,-2.4917033e-05,0.000104898536,4.6476867e-05,-9.758242e-05,3.8166083e-05,0.00012604949
-0.00016878237,-7.96992e-06,-0.00014159323,4.7070684e-05,-0.0001023207,4.3357508e-05,4.2970278e-05,2.6065009e-05,-3.4190616e-05,1.615549e-05,-2.4942072e-05
-0.0003218043,-0.00049774215,-0.000317791,7.194526e-05,-0.0005417155,0.00022920196,-0.00020982603,0.00023878615,-4.1528627e-05,7.21675e-05,-0.0008117465
-0.00059704774,-0.0011357537,-0.0005359973,0.00016610046,-0.0012117029,0.00029902384,-0.00048152573,0.00046698583,-3.3647557e-05,0.00036612875,-0.0016832739
-0.00057974475,-0.0007607456,-0.00040823134,0.00022086689,-0.00087268074,3.475293e-05,-0.00018733964,0.00036129655,8.2992214e-05,0.00032052764,-0.00053193065
-0.00052256876,5.557253e-07,8.451789e-05,4.3735698e-05,-0.0002677687,-0.00017775851,0.00013066862,0.00018413714,-3.7656424e-05,8.322566e-05,0.00051687105
-0.0004488492,0.00019967534,0.00019893864,-3.0893392e-05,-0.0001772975,-0.00020872804,0.00021251694,8.098021e-05,-0.00012206334,8.245474e-05,0.00028506032
-0.00027371562,8.21747e-05,4.0059396e-05,-8.681664e-06,-0.00012594438,-0.00015230716,0.00020705313,2.8605957e-05,-6.0384817e-05,9.653969e-05,0.00014888971
-0.00023637174,5.7375833e-05,-1.0190341e-05,1.3229109e-06,-7.837555e-05,-0.00011771491,0.00010731574,-5.8782975e-05,-8.0656406e-05,9.9375975e-05,7.772007e-05
-0.0002930993,0.000104633335,3.7838505e-05,-3.318395e-05,-9.422176e-05,-0.00017255975,0.00010730413,-4.3702905e-05,-0.00014549239,0.00016034655,7.327838e-05
-0.00025033907,8.314334e-05,2.5910285e-05,-9.126387e-06,-0.00011109624,-0.0001087363,0.00010324135,-5.7126927e-05,-7.510892e-05,7.838096e-05,0.00015569822
-0.0002512542,0.0001127437,5.101896e-05,1.7519831e-06,-0.000111414796,-0.00013209638,6.962175e-05,-6.9867376e-05,-8.728018e-05,2.198732e-05,0.00015737154
-0.00019390615,7.482032e-05,1.825293e-05,2.5911468e-06,-0.00010798372,-0.0001011344,8.158859e-05,-3.3300814e-05,-8.270326e-05,-5.789231e-06,6.340676e-05
-0.00014482142,4.3121247e-05,-5.3584743e-05,-6.723126e-06,-0.00010650938,-1.1530916e-05,6.555016e-05,-2.715139e-06,-5.927859e-05,-4.8145866e-05,5.7953846e-05
-0.00011486576,4.0660438e-05,-7.395729e-05,-9.362372e-06,-8.313261e-05,-1.2454534e-05,3.1918447e-05,1.0612956e-05,-3.105024e-05,-6.930315e-05,2.4077986e-05
-9.445272e-05,2.023194e-05,-7.2696654e-05,-2.686543e-06,-3.6517493e-05,6.16437e-06,9.670691e-06,6.624268e-06,3.670725e-06,-3.273297e-05,-5.0051145e-05
-0.00012470683,-2.7847382e-05,-6.885675e-05,-7.811934e-06,2.6803202e-05,4.0827355e-05,-1.44896785e-05,-6.217583e-05,6.501355e-06,-6.0088267e-05,5.420415e-05
-0.00018517442,-0.00012105531,-4.351352e-05,-4.920875e-05,8.009243e-05,7.416571e-05,-0.00011386829,-3.415695e-05,4.513219e-05,-3.384834e-05,8.026682e-05
-0.00013324284,-8.3803294e-05,-4.0634717e-05,-3.8442926e-05,5.1086703e-05,5.5552115e-05,-9.968619e-05,5.1310712e-06,5.539046e-05,1.2150333e-05,-8.336216e-06
-5.8916932e-05,7.3506285e-06,-2.9771796e-05,-2.7091094e-06,-1.2845116e-05,2.1522006e-05,-6.403699e-06,-1.110181e-05,5.1488605e-06,1.2057406e-05,-3.4490615e-05
-5.037192e-05,5.7224916e-06,-1.4120272e-05,-8.500207e-07,-1.9854398e-05,3.7256498e-06,1.8938802e-06,-1.5497299e-05,-2.3762013e-06,3.8912876e-06,-1.8100878e-05
-4.3563083e-05,3.1951004e-06,-1.325659e-05,-2.6719947e-06,-1.3392762e-05,4.0126096e-07,4.0365762e-06,8.8025686e-08,6.2106984e-08,1.0125849e-05,-7.065091e-06
-3.5094356e-05,2.4601832e-06,-5.724385e-06,-4.5247934e-06,-8.804095e-06,-6.9710777e-06,7.774569e-06,1.9180252e-06,-5.965149e-06,8.066591e-06,2.5045456e-06
-3.3342032e-05,7.0359647e-06,1.2582079e-07,-4.0951513e-06,-5.6514336e-06,-1.6774677e-05,4.780498e-06,1.1423641e-06,-1.01768865e-05,7.664742e-06,1.6396083e-06
-2.9055413e-05,7.908805e-06,-2.0991254e-06,-4.412633e-06,-2.4642063e-06,-9.75042e-06,6.392407e-06,-1.6516244e-06,-1.0055957e-05,5.2520563e-06,8.572554e-06
-2.2729691e-05,4.52174e-06,-4.446154e-06,-1.5464153e-07,-3.7742197e-06,-6.895642e-06,6.3991565e-06,-6.431434e-06,-2.5052484e-06,4.7952035e-06,7.801105e-06
-1.4657118e-05,3.481813e-06,-8.032533e-06,-3.7705118e-07,-1.9021412e-06,-4.2630527e-06,1.4718674e-06,-6.5208274e-06,3.0026206e-06,-5.779255e-07,1.8208126e-06
-1.0074131e-05,1.2387768e-06,-7.1741965e-06,-2.5264073e-06,-7.4098676e-07,-1.5246378e-06,1.0555807e-06,-5.68464e-06,5.1326037e-06,1.3635834e-06,6.2800166e-07
-8.720141e-06,1.481733e-06,-5.884124e-06,-1.8738514e-06,-1.0090528e-06,-2.4475253e-07,1.1133476e-06,-3.948924e-06,4.6909386e-06,3.4115326e-06,-2.5016059e-06
-7.944753e-06,1.2799748e-06,-4.9714913e-06,-3.0189158e-06,-1.0231563e-06,2.5310344e-06,5.363355e-07,-2.4484443e-06,4.550928e-06,3.7237194e-06,-2.9667453e-06
-8.054979e-06,1.7103157e-06,-5.8723535e-06,-3.5270632e-06,-1.6343644e-06,1.5438783e-06,-2.9079382e-07,-1.9848173e-06,5.6474373e-06,3.4956104e-06,-4.822757e-06
-8.249415e-06,2.6401597e-06,-7.567326e-06,-3.3492931e-06,-1.8738455e-06,4.644245e-07,-7.261082e-07,-2.3098323e-06,5.561063e-06,4.9340324e-06,-5.259584e-06
-7.6196334e-06,1.5735147e-06,-5.938346e-06,-3.7695822e-06,-1.8108415e-06,3.2712404e-07,9.781604e-07,-1.8195908e-06,3.9398565e-06,5.0903586e-06,-3.211501e-06
-7.345357e-06,1.1445851e-06,-4.3756795e-06,-4.3457067e-06,-1.5271552e-06,7.327426e-07,6.6533016e-07,-1.0632308e-06,2.8384568e-06,4.1588273e-06,-7.12404e-07
-7.311181e-06,4.893166e-07,-3.981205e-06,-3.2380563e-06,-3.577017e-07,8.497773e-07,6.3346016e-07,-1.8399498e-06,3.064804e-06,4.802381e-06,-1.0110207e-06
-7.4670947e-06,7.637756e-07,-3.782983e-06,-3.3050123e-06,-1.7448014e-06,5.246754e-07,6.8019233e-07,-1.8888805e-06,2.333981e-06,2.9236721e-06,1.1889044e-06
-7.3075325e-06,6.799906e-07,-3.9118077e-06,-3.9366914e-06,-2.295125e-06,4.6815873e-07,1.3439047e-06,-2.7262888e-06,3.1196712e-06,2.3099267e-06,9.464752e-07
-6.923865e-06,4.942116e-07,-4.0329505e-06,-4.154796e-06,-1.0961737e-06,3.7001251e-07,9.59245e-07,-1.3909032e-06,3.5605794e-06,1.454351e-06,6.3486726e-07
-6.947568e-06,5.8225163e-07,-3.401689e-06,-3.878113e-06,-6.342747e-07,6.3391417e-07,9.537423e-07,-1.5149268e-06,2.2067409e-06,3.5430585e-06,-2.5460213e-06
-6.999077e-06,7.2829033e-07,-3.2959358e-06,-3.4156506e-06,-2.4244341e-06,1.0786573e-06,8.3726445e-07,-1.0650871e-06,2.2340255e-06,3.2411126e-06,-2.8181942e-06
-7.246928e-06,6.9952114e-07,-3.6884148e-06,-3.5555208e-06,-1.8499433e-06,5.2350805e-07,1.6896037e-06,-1.3776837e-06,2.472041e-06,2.5620684e-06,-1.8264241e-06
-6.827884e-06,3.8404463e-07,-3.3106255e-06,-2.8906236e-06,-1.6988216e-06,1.5535778e-07,1.6925593e-06,-2.3867774e-06,2.0836094e-06,1.2826266e-06,-1.8880363e-06
